objectId,tns_classification,tns_redshift,tns_name,ra,dec,tns_classification_mapped,Fink URL,is_CV_visual_inpsection,is_truly_hostless_legacy,legacy_url,is_truly_hostless_panstarrs,panstarrs_url
ZTF25aanzrcx,CV,0,2025igx,302.3637283,10.74227591,CV,https://ztf.fink-portal.org/ZTF25aanzrcx,yes,,,,
ZTF25aawlutq,CV,0,2025omy,293.4752402,42.333595,CV,https://ztf.fink-portal.org/ZTF25aawlutq,yes,,,,
ZTF24aaspwim,CV,0,2024mqg,272.6875207,22.77983795,CV,https://ztf.fink-portal.org/ZTF24aaspwim,yes,,,,
ZTF25abhfslz,CV,0,2025tfv,280.6299621,17.79256942,CV,https://ztf.fink-portal.org/ZTF25abhfslz,yes,,,,
ZTF25aardghz,CV,0,2025ljt,253.3362073,-8.4256413,CV,https://ztf.fink-portal.org/ZTF25aardghz,yes,no,"https://www.legacysurvey.org/viewer?ra=253.33620732500003&dec=-8.4256413&layer=ls-dr10&photoz-dr9&zoom=16&mark=253.33620732500003,-8.4256413",yes,https://ps1images.stsci.edu/cgi-bin/ps1cutouts?pos=253.33620732500003+-8.4256413&filter=color&filetypes=stack&auxiliary=data&size=220&output_size=500&catlist=1&show_overlay=1&show_grid=1&show_ids=1
ZTF24abjfzow,CV,0,2024wuh,102.4918542,-23.06108502,CV,https://ztf.fink-portal.org/ZTF24abjfzow,yes,,,,
ZTF25abcmcmo,CV,0,2025rvv,312.0430455,-24.35949927,CV,https://ztf.fink-portal.org/ZTF25abcmcmo,yes,,,,
ZTF25abwrsbc,CV,0,2025aaeu,39.66140235,-21.06269998,CV,https://ztf.fink-portal.org/ZTF25abwrsbc,yes,,,,
ZTF24ablknoq,CV,0,2024xhn,102.7270469,59.60682019,CV,https://ztf.fink-portal.org/ZTF24ablknoq,yes,,,,
ZTF24aavybxc,CV,0,2024pnt,255.9206277,-6.5129304,CV,https://ztf.fink-portal.org/ZTF24aavybxc,yes,,,,
ZTF25aafejht,CV,0,2025aiv,272.5319221,47.89423145,CV,https://ztf.fink-portal.org/ZTF25aafejht,yes,,,,
ZTF24abeegoz,CV,0,2024uah,300.1181432,-3.009536871,CV,https://ztf.fink-portal.org/ZTF24abeegoz,yes,,,,
ZTF24aaoovbv,CV,0,2024jqp,313.7161606,29.70595609,CV,https://ztf.fink-portal.org/ZTF24aaoovbv,yes,,,,
ZTF24aatqfom,CV,0,2024nat,245.726877,-16.18358583,CV,https://ztf.fink-portal.org/ZTF24aatqfom,yes,,,,
ZTF25aahcavm,CV,0,2021agrd,133.7757928,-25.84064038,CV,https://ztf.fink-portal.org/ZTF25aahcavm,yes,,,,
ZTF25aatnwge,CV,0,2025mxo,295.1700681,55.73689442,CV,https://ztf.fink-portal.org/ZTF25aatnwge,yes,,,,
ZTF25aahtwad,CV,0,2025cwe,210.9170299,79.79201399,CV,https://ztf.fink-portal.org/ZTF25aahtwad,yes,,,,
ZTF24aalbxfh,CV,0,2024hif,160.7939392,82.68346141,CV,https://ztf.fink-portal.org/ZTF24aalbxfh,yes,,,,
ZTF23abdmbau,CV,,2023sus,291.9539891,-3.754838129,CV,https://ztf.fink-portal.org/ZTF23abdmbau,yes,,,,
ZTF24aadeeew,CV,,2024amp,194.6985921,-8.818755533,CV,https://ztf.fink-portal.org/ZTF24aadeeew,yes,,,,
ZTF25abgkgdu,CV,,2025swd,338.589961,11.97841517,CV,https://ztf.fink-portal.org/ZTF25abgkgdu,yes,,,,
ZTF24abbvhxw,CV,,2024sio,262.998967,5.6674305,CV,https://ztf.fink-portal.org/ZTF24abbvhxw,yes,,,,
ZTF25aaoxrsz,CV,,2025jpj,281.8958974,29.09945329,CV,https://ztf.fink-portal.org/ZTF25aaoxrsz,yes,,,,
ZTF23ablfxvj,Nova,-0.001,2023veq,10.88480846,41.63906902,CV,https://ztf.fink-portal.org/ZTF23ablfxvj,yes,,,,
ZTF25abxdetz,Nova,0,2025aapj,10.02528521,40.81528233,CV,https://ztf.fink-portal.org/ZTF25abxdetz,yes,,,,
ZTF25abjnifk,Nova,0,2025usz,333.4737535,30.26167784,CV,https://ztf.fink-portal.org/ZTF25abjnifk,yes,,,,
ZTF25aborgma,Nova,0,2025wwe,10.79548333,41.7701981,CV,https://ztf.fink-portal.org/ZTF25aborgma,yes,,,,
ZTF24abcuvds,Nova,0,2024ssv,11.74634493,40.56179195,CV,https://ztf.fink-portal.org/ZTF24abcuvds,yes,,,,
ZTF25acemscy,Nova,0,2025aesw,10.167679,41.37889254,CV,https://ztf.fink-portal.org/ZTF25acemscy,yes,,,,
ZTF23abrzabc,Nova,,2023ypg,23.22482328,30.36060776,CV,https://ztf.fink-portal.org/ZTF23abrzabc,yes,,,,
ZTF24abtmueg,SLSN-I,0.109,2024adhq,17.73760277,42.20150315,SLSN-I,https://ztf.fink-portal.org/ZTF24abtmueg,,,,,
ZTF25abmjfcf,SLSN-I,0.11,2025whv,350.1272277,12.2417305,SLSN-I,https://ztf.fink-portal.org/ZTF25abmjfcf,,,,,
ZTF25abyrwhz,SLSN-I,0.124,2025abmf,139.0503893,49.06484862,SLSN-I,https://ztf.fink-portal.org/ZTF25abyrwhz,,yes,"https://www.legacysurvey.org/viewer?ra=139.0503893448276&dec=49.06484862413794&layer=ls-dr10&photoz-dr9&zoom=16&mark=139.0503893448276,49.06484862413794",yes,https://ps1images.stsci.edu/cgi-bin/ps1cutouts?pos=139.0503893448276+49.06484862413794&filter=color&filetypes=stack&auxiliary=data&size=220&output_size=500&catlist=1&show_overlay=1&show_grid=1&show_ids=1
ZTF24aaowjlw,SLSN-I,0.13,2024jwx,227.5384731,6.751681002,SLSN-I,https://ztf.fink-portal.org/ZTF24aaowjlw,,,,,
ZTF25acemaph,SLSN-I,0.1335,2025afcr,189.6740658,7.610407815,SLSN-I,https://ztf.fink-portal.org/ZTF25acemaph,,,,,
ZTF25aceeppc,SLSN-I,0.135,2025aeuq,121.8924265,47.94350598,SLSN-I,https://ztf.fink-portal.org/ZTF25aceeppc,,,,,
ZTF25aanikpq,SLSN-I,0.145,2025idz,145.4009889,-11.45794166,SLSN-I,https://ztf.fink-portal.org/ZTF25aanikpq,,,,,
ZTF23aboebgh,SLSN-I,0.15,2023wml,174.7862245,-11.2494244,SLSN-I,https://ztf.fink-portal.org/ZTF23aboebgh,,yes,"https://www.legacysurvey.org/viewer?ra=174.78622454324326&dec=-11.249424402702704&layer=ls-dr10&photoz-dr9&zoom=16&mark=174.78622454324326,-11.249424402702704",yes,https://ps1images.stsci.edu/cgi-bin/ps1cutouts?pos=174.78622454324326+-11.249424402702704&filter=color&filetypes=stack&auxiliary=data&size=220&output_size=500&catlist=1&show_overlay=1&show_grid=1&show_ids=1
ZTF25abiwxmw,SLSN-I,0.161,2025upm,301.8331077,55.47362118,SLSN-I,https://ztf.fink-portal.org/ZTF25abiwxmw,,,,,
ZTF23aazodoj,SLSN-I,0.161,2023ous,66.45874199,-9.157791751,SLSN-I,https://ztf.fink-portal.org/ZTF23aazodoj,,,,,
ZTF25aanxtou,SLSN-I,0.1734,2025izy,297.2788348,78.85559226,SLSN-I,https://ztf.fink-portal.org/ZTF25aanxtou,,not_available,"https://www.legacysurvey.org/viewer?ra=297.278834846875&dec=78.85559225937502&layer=ls-dr10&photoz-dr9&zoom=16&mark=297.278834846875,78.85559225937502",no,https://ps1images.stsci.edu/cgi-bin/ps1cutouts?pos=297.278834846875+78.85559225937502&filter=color&filetypes=stack&auxiliary=data&size=220&output_size=500&catlist=1&show_overlay=1&show_grid=1&show_ids=1
ZTF25abzyzac,SLSN-I,0.19,2025abvv,2.19775059,-9.594502507,SLSN-I,https://ztf.fink-portal.org/ZTF25abzyzac,,,,,
ZTF25aaaecsu,SLSN-I,0.1934,2024agkj,129.0935706,42.02565982,SLSN-I,https://ztf.fink-portal.org/ZTF25aaaecsu,,,,,
ZTF24aaaimkm,SLSN-I,0.2,2023aase,173.092027,-3.322352889,SLSN-I,https://ztf.fink-portal.org/ZTF24aaaimkm,,,,,
ZTF25aazhyde,SLSN-I,0.2,2025qdz,355.8761908,36.37433119,SLSN-I,https://ztf.fink-portal.org/ZTF25aazhyde,,,,,
ZTF25abqiaaj,SLSN-I,0.2125,2025yjj,250.912626,27.02397713,SLSN-I,https://ztf.fink-portal.org/ZTF25abqiaaj,,,,,
ZTF25abcydiy,SLSN-I,0.22,2025sfo,320.0731385,-17.2088981,SLSN-I,https://ztf.fink-portal.org/ZTF25abcydiy,,,,,
ZTF25abixhdc,SLSN-I,0.22,2025ukr,320.7354653,-10.01329256,SLSN-I,https://ztf.fink-portal.org/ZTF25abixhdc,,,,,
ZTF24abtlppf,SLSN-I,0.2285,2024adfq,13.30991879,53.99426053,SLSN-I,https://ztf.fink-portal.org/ZTF24abtlppf,,,,,
ZTF24abbggnw,SLSN-I,0.24,2024nrw,23.22869825,-27.75672148,SLSN-I,https://ztf.fink-portal.org/ZTF24abbggnw,,,,,
ZTF24aaaldzu,SLSN-I,0.24,2024ut,183.5464074,-25.1319132,SLSN-I,https://ztf.fink-portal.org/ZTF24aaaldzu,,,,,
ZTF25aakaxwv,SLSN-I,0.265,2025fpp,119.332021,6.61912337,SLSN-I,https://ztf.fink-portal.org/ZTF25aakaxwv,,,,,
ZTF25accmopr,SLSN-I,0.307,2025afad,134.2946835,-15.55973791,SLSN-I,https://ztf.fink-portal.org/ZTF25accmopr,,not_available,"https://www.legacysurvey.org/viewer?ra=134.29468345217393&dec=-15.559737913043476&layer=ls-dr10&photoz-dr9&zoom=16&mark=134.29468345217393,-15.559737913043476",yes,https://ps1images.stsci.edu/cgi-bin/ps1cutouts?pos=134.29468345217393+-15.559737913043476&filter=color&filetypes=stack&auxiliary=data&size=220&output_size=500&catlist=1&show_overlay=1&show_grid=1&show_ids=1
ZTF24aaejnbx,SLSN-I,0.33,2024byt,167.1427657,-0.5066077385,SLSN-I,https://ztf.fink-portal.org/ZTF24aaejnbx,,no,"https://www.legacysurvey.org/viewer?ra=167.14276570769232&dec=-0.5066077384615385&layer=ls-dr10&photoz-dr9&zoom=16&mark=167.14276570769232,-0.5066077384615385",no,https://ps1images.stsci.edu/cgi-bin/ps1cutouts?pos=167.14276570769232+-0.5066077384615385&filter=color&filetypes=stack&auxiliary=data&size=220&output_size=500&catlist=1&show_overlay=1&show_grid=1&show_ids=1
ZTF24abzwppf,SLSN-I,0.3878,2024agir,242.3062016,43.95097512,SLSN-I,https://ztf.fink-portal.org/ZTF24abzwppf,,,,,
ZTF24abwsvtj,SLSN-I,0.4227,2024aezo,201.071146,27.71699689,SLSN-I,https://ztf.fink-portal.org/ZTF24abwsvtj,,,,,
ZTF25aaofttb,SLSN-I,0.58,2025kkb,197.9062537,10.33311678,SLSN-I,https://ztf.fink-portal.org/ZTF25aaofttb,,yes,"https://www.legacysurvey.org/viewer?ra=197.90625365&dec=10.333116775&layer=ls-dr10&photoz-dr9&zoom=16&mark=197.90625365,10.333116775",yes,https://ps1images.stsci.edu/cgi-bin/ps1cutouts?pos=197.90625365+10.333116775&filter=color&filetypes=stack&auxiliary=data&size=220&output_size=500&catlist=1&show_overlay=1&show_grid=1&show_ids=1
ZTF25acfbplr,SLSN-I,0.31,2025adfa,21.80830035,-22.0935458,SLSN-I,https://ztf.fink-portal.org/ZTF25acfbplr,,,,,
ZTF25abxfsza,SLSN-I,0.17,2025abkv,249.3695298,68.84845638,SLSN-I,https://ztf.fink-portal.org/ZTF25abxfsza,,,,,
ZTF25acibvls,SLSN-I,0.17,2025ahki,166.6353767,6.921000057,SLSN-I,https://ztf.fink-portal.org/ZTF25acibvls,,,,,
ZTF25aaprtxj,SLSN-II,0.0875,2025jxk,238.8701885,44.40549547,SLSN-II,https://ztf.fink-portal.org/ZTF25aaprtxj,,,,,
ZTF25aaixrfr,SLSN-II,0.127,2025eqe,240.2758758,-0.04388944545,SLSN-II,https://ztf.fink-portal.org/ZTF25aaixrfr,,,,,
ZTF23abqygjv,SLSN-II,0.194,2023zeq,17.22581553,-20.64004747,SLSN-II,https://ztf.fink-portal.org/ZTF23abqygjv,,no,"https://www.legacysurvey.org/viewer?ra=17.22581552857143&dec=-20.64004747142857&layer=ls-dr10&photoz-dr9&zoom=16&mark=17.22581552857143,-20.64004747142857",yes,https://ps1images.stsci.edu/cgi-bin/ps1cutouts?pos=17.22581552857143+-20.64004747142857&filter=color&filetypes=stack&auxiliary=data&size=220&output_size=500&catlist=1&show_overlay=1&show_grid=1&show_ids=1
ZTF24abvftmi,SLSN-II,0.32,2024adtg,133.3684884,-11.14072719,SLSN-II,https://ztf.fink-portal.org/ZTF24abvftmi,,,,,
ZTF24aaruheu,SN,0.48,2024lnq,222.6822876,69.55455469,SN ,https://ztf.fink-portal.org/ZTF24aaruheu,,,,,
ZTF25aaktqzg,SN Ia,0.0061,2025fvw,233.8574449,12.05773073,SN Ia,https://ztf.fink-portal.org/ZTF25aaktqzg,,,,,
ZTF24abbmixl,SN Ia,0.012129,2024pjl,67.05888326,-6.791171955,SN Ia,https://ztf.fink-portal.org/ZTF24abbmixl,,,,,
ZTF24abxzhim,SN Ia,0.018413,2024aedt,27.89247777,8.251362924,SN Ia,https://ztf.fink-portal.org/ZTF24abxzhim,,,,,
ZTF24abfawev,SN Ia,0.019,2024ulg,262.6887074,18.33848959,SN Ia,https://ztf.fink-portal.org/ZTF24abfawev,,,,,
ZTF24aaervkt,SN Ia,0.019807,2024bks,196.8401145,-27.3753402,SN Ia,https://ztf.fink-portal.org/ZTF24aaervkt,,,,,
ZTF24aaindpx,SN Ia,0.02,2024gbt,189.4982834,-27.43460124,SN Ia,https://ztf.fink-portal.org/ZTF24aaindpx,,no,"https://www.legacysurvey.org/viewer?ra=189.49828344814816&dec=-27.434601237037036&layer=ls-dr10&photoz-dr9&zoom=16&mark=189.49828344814816,-27.434601237037036",no,https://ps1images.stsci.edu/cgi-bin/ps1cutouts?pos=189.49828344814816+-27.434601237037036&filter=color&filetypes=stack&auxiliary=data&size=220&output_size=500&catlist=1&show_overlay=1&show_grid=1&show_ids=1
ZTF24aaxdojc,SN Ia,0.02,2024ptp,40.90015655,-11.02262838,SN Ia,https://ztf.fink-portal.org/ZTF24aaxdojc,,,,,
ZTF25aafwxov,SN Ia,0.023,2025byq,108.1129255,50.29325824,SN Ia,https://ztf.fink-portal.org/ZTF25aafwxov,,yes,"https://www.legacysurvey.org/viewer?ra=108.112925540625&dec=50.2932582375&layer=ls-dr10&photoz-dr9&zoom=16&mark=108.112925540625,50.2932582375",yes,https://ps1images.stsci.edu/cgi-bin/ps1cutouts?pos=108.112925540625+50.2932582375&filter=color&filetypes=stack&auxiliary=data&size=220&output_size=500&catlist=1&show_overlay=1&show_grid=1&show_ids=1
ZTF25abikugi,SN Ia,0.023906,2025ttr,91.27123202,34.43687429,SN Ia,https://ztf.fink-portal.org/ZTF25abikugi,,,,,
ZTF24aagcvjg,SN Ia,0.025,2024ddb,47.77763455,10.84383595,SN Ia,https://ztf.fink-portal.org/ZTF24aagcvjg,,not_available,"https://www.legacysurvey.org/viewer?ra=47.77763455&dec=10.84383595&layer=ls-dr10&photoz-dr9&zoom=16&mark=47.77763455,10.84383595",no,https://ps1images.stsci.edu/cgi-bin/ps1cutouts?pos=47.77763455+10.84383595&filter=color&filetypes=stack&auxiliary=data&size=220&output_size=500&catlist=1&show_overlay=1&show_grid=1&show_ids=1
ZTF25acitiuq,SN Ia,0.026228,2025ahkt,141.4268907,22.33493567,SN Ia,https://ztf.fink-portal.org/ZTF25acitiuq,,,,,
ZTF25aagrfgg,SN Ia,0.026596,2025bvf,225.8990071,-25.45471738,SN Ia,https://ztf.fink-portal.org/ZTF25aagrfgg,,,,,
ZTF23absbmfw,SN Ia,0.028,2023ypp,52.95503591,-4.712318075,SN Ia,https://ztf.fink-portal.org/ZTF23absbmfw,,,,,
ZTF25abigwgh,SN Ia,0.02927,2025trj,247.5992218,40.66011528,SN Ia,https://ztf.fink-portal.org/ZTF25abigwgh,,,,,
ZTF24abgmtsu,SN Ia,0.029911,2024vbk,33.71096462,30.85979822,SN Ia,https://ztf.fink-portal.org/ZTF24abgmtsu,,,,,
ZTF24aapikyr,SN Ia,0.03,2024jor,202.3744727,-23.65977821,SN Ia,https://ztf.fink-portal.org/ZTF24aapikyr,,,,,
ZTF24abrorvi,SN Ia,0.03,2024aatr,152.6217071,3.766725186,SN Ia,https://ztf.fink-portal.org/ZTF24abrorvi,,,,,
ZTF25aafpotv,SN Ia,0.03,2025bol,62.47651349,-12.41284669,SN Ia,https://ztf.fink-portal.org/ZTF25aafpotv,,,,,
ZTF24abfpcjv,SN Ia,0.033,2024vjw,135.5126194,22.61719728,SN Ia,https://ztf.fink-portal.org/ZTF24abfpcjv,,,,,
ZTF24abhtybk,SN Ia,0.0335,2024vpc,86.47754981,51.34906638,SN Ia,https://ztf.fink-portal.org/ZTF24abhtybk,,,,,
ZTF25aapqzzl,SN Ia,0.033575,2025jus,218.5871222,3.6734579,SN Ia,https://ztf.fink-portal.org/ZTF25aapqzzl,,,,,
ZTF25abwqbxp,SN Ia,0.036539,2025aafd,33.78686724,35.93199432,SN Ia,https://ztf.fink-portal.org/ZTF25abwqbxp,,,,,
ZTF24abikzjx,SN Ia,0.04,2024vyd,8.595338464,10.35197849,SN Ia,https://ztf.fink-portal.org/ZTF24abikzjx,,,,,
ZTF24aaiehwu,SN Ia,0.04,2024fot,196.7256584,-22.11139663,SN Ia,https://ztf.fink-portal.org/ZTF24aaiehwu,,,,,
ZTF24abimpmc,SN Ia,0.04,2024vyj,27.10325963,2.4826049,SN Ia,https://ztf.fink-portal.org/ZTF24abimpmc,,,,,
ZTF23abijopy,SN Ia,0.04,2023uqu,266.9492859,64.34924956,SN Ia,https://ztf.fink-portal.org/ZTF23abijopy,,,,,
ZTF24abllcax,SN Ia,0.04,2024xoy,76.44483444,10.88205533,SN Ia,https://ztf.fink-portal.org/ZTF24abllcax,,,,,
ZTF24absvdpn,SN Ia,0.04,2024abkj,138.5830982,14.87872251,SN Ia,https://ztf.fink-portal.org/ZTF24absvdpn,,,,,
ZTF25aadfajb,SN Ia,0.04,2025apl,144.1390916,-5.110320335,SN Ia,https://ztf.fink-portal.org/ZTF25aadfajb,,,,,
ZTF23abndxzj,SN Ia,0.042,2023vxt,352.9764272,72.84651467,SN Ia,https://ztf.fink-portal.org/ZTF23abndxzj,,not_available,"https://www.legacysurvey.org/viewer?ra=352.97642724117645&dec=72.84651467352941&layer=ls-dr10&photoz-dr9&zoom=16&mark=352.97642724117645,72.84651467352941",yes,https://ps1images.stsci.edu/cgi-bin/ps1cutouts?pos=352.97642724117645+72.84651467352941&filter=color&filetypes=stack&auxiliary=data&size=220&output_size=500&catlist=1&show_overlay=1&show_grid=1&show_ids=1
ZTF25aapwxhm,SN Ia,0.044,2025khl,251.3615828,65.5910874,SN Ia,https://ztf.fink-portal.org/ZTF25aapwxhm,,,,,
ZTF23absddkf,SN Ia,0.044,2023yzu,80.99784647,-20.09257349,SN Ia,https://ztf.fink-portal.org/ZTF23absddkf,,,,,
ZTF24aaiehiv,SN Ia,0.044,2024flu,240.7619481,79.81679819,SN Ia,https://ztf.fink-portal.org/ZTF24aaiehiv,,,,,
ZTF24abepnpq,SN Ia,0.045,2024unx,36.97944492,37.44773283,SN Ia,https://ztf.fink-portal.org/ZTF24abepnpq,,,,,
ZTF25aaazugo,SN Ia,0.045038,2025dw,241.1644127,16.64898806,SN Ia,https://ztf.fink-portal.org/ZTF25aaazugo,,,,,
ZTF25aabylly,SN Ia,0.0453,2025ou,222.0274138,31.74559793,SN Ia,https://ztf.fink-portal.org/ZTF25aabylly,,,,,
ZTF24aahdpki,SN Ia,0.047,2024elv,244.4358396,13.30386702,SN Ia,https://ztf.fink-portal.org/ZTF24aahdpki,,,,,
ZTF25aaftdla,SN Ia,0.047,2025bvs,272.5405538,50.25001546,SN Ia,https://ztf.fink-portal.org/ZTF25aaftdla,,,,,
ZTF24abrophb,SN Ia,0.0479050018,2024aatb,165.264234,57.78657813,SN Ia,https://ztf.fink-portal.org/ZTF24abrophb,,,,,
ZTF25abhtpmw,SN Ia,0.048,2025udj,10.79228009,-9.639862636,SN Ia,https://ztf.fink-portal.org/ZTF25abhtpmw,,,,,
ZTF24aaahwrm,SN Ia,0.05,2024mk,154.2468475,-9.4483493,SN Ia,https://ztf.fink-portal.org/ZTF24aaahwrm,,no,"https://www.legacysurvey.org/viewer?ra=154.24684746666665&dec=-9.4483493&layer=ls-dr10&photoz-dr9&zoom=16&mark=154.24684746666665,-9.4483493",no,https://ps1images.stsci.edu/cgi-bin/ps1cutouts?pos=154.24684746666665+-9.4483493&filter=color&filetypes=stack&auxiliary=data&size=220&output_size=500&catlist=1&show_overlay=1&show_grid=1&show_ids=1
ZTF25aaacrjj,SN Ia,0.05,2025L,37.89316259,-23.01117514,SN Ia,https://ztf.fink-portal.org/ZTF25aaacrjj,,,,,
ZTF25acdceqb,SN Ia,0.05,2025acsj,173.4831894,49.38396689,SN Ia,https://ztf.fink-portal.org/ZTF25acdceqb,,yes,"https://www.legacysurvey.org/viewer?ra=173.48318944482762&dec=49.38396688620689&layer=ls-dr10&photoz-dr9&zoom=16&mark=173.48318944482762,49.38396688620689",yes,https://ps1images.stsci.edu/cgi-bin/ps1cutouts?pos=173.48318944482762+49.38396688620689&filter=color&filetypes=stack&auxiliary=data&size=220&output_size=500&catlist=1&show_overlay=1&show_grid=1&show_ids=1
ZTF23abgnfdv,SN Ia,0.05,2023udv,58.67239495,7.331273052,SN Ia,https://ztf.fink-portal.org/ZTF23abgnfdv,,,,,
ZTF25aanmgrm,SN Ia,0.05,2025ian,314.5479377,14.92488879,SN Ia,https://ztf.fink-portal.org/ZTF25aanmgrm,,,,,
ZTF25aachzhd,SN Ia,0.05,2025yd,270.9660001,42.94521395,SN Ia,https://ztf.fink-portal.org/ZTF25aachzhd,,,,,
ZTF23absdqly,SN Ia,0.051,2023zax,146.3955221,7.1723099,SN Ia,https://ztf.fink-portal.org/ZTF23absdqly,,,,,
ZTF25abcxtvx,SN Ia,0.053,2025rzv,306.6027317,-11.16917655,SN Ia,https://ztf.fink-portal.org/ZTF25abcxtvx,,,,,
ZTF24aahxyrp,SN Ia,0.054,2024fcj,165.7344395,55.68865707,SN Ia,https://ztf.fink-portal.org/ZTF24aahxyrp,,,,,
ZTF24aaijpcp,SN Ia,0.054,2024fuo,252.180273,-4.819180944,SN Ia,https://ztf.fink-portal.org/ZTF24aaijpcp,,,,,
ZTF23abgvtxr,SN Ia,0.055,2023tqm,119.3692158,51.12330612,SN Ia,https://ztf.fink-portal.org/ZTF23abgvtxr,,,,,
ZTF25aaqxchy,SN Ia,0.056,2025lhl,169.1573079,29.3630666,SN Ia,https://ztf.fink-portal.org/ZTF25aaqxchy,,,,,
ZTF24aaaidva,SN Ia,0.058,2023acfg,164.1567591,9.690579325,SN Ia,https://ztf.fink-portal.org/ZTF24aaaidva,,,,,
ZTF24ablkziv,SN Ia,0.058,2024xex,88.74496483,51.89599406,SN Ia,https://ztf.fink-portal.org/ZTF24ablkziv,,,,,
ZTF24aaimxaf,SN Ia,0.059,2024fyc,207.4745096,26.47906662,SN Ia,https://ztf.fink-portal.org/ZTF24aaimxaf,,,,,
ZTF24aatccmo,SN Ia,0.059,2024mxr,240.0040311,-19.54966101,SN Ia,https://ztf.fink-portal.org/ZTF24aatccmo,,,,,
ZTF24aalubmp,SN Ia,0.059,2024hvy,287.9030199,51.96803407,SN Ia,https://ztf.fink-portal.org/ZTF24aalubmp,,,,,
ZTF24aaqgmxz,SN Ia,0.06,2024klq,203.6390022,-12.89768675,SN Ia,https://ztf.fink-portal.org/ZTF24aaqgmxz,,,,,
ZTF25acgngdl,SN Ia,0.06,2025ahdt,325.3635851,-4.3394683,SN Ia,https://ztf.fink-portal.org/ZTF25acgngdl,,no,"https://www.legacysurvey.org/viewer?ra=325.36358513333334&dec=-4.3394683&layer=ls-dr10&photoz-dr9&zoom=16&mark=325.36358513333334,-4.3394683",yes,https://ps1images.stsci.edu/cgi-bin/ps1cutouts?pos=325.36358513333334+-4.3394683&filter=color&filetypes=stack&auxiliary=data&size=220&output_size=500&catlist=1&show_overlay=1&show_grid=1&show_ids=1
ZTF25aavsjkg,SN Ia,0.06,2025obr,254.9563706,74.06957734,SN Ia,https://ztf.fink-portal.org/ZTF25aavsjkg,,,,,
ZTF24aaumhmm,SN Ia,0.06,2024nzi,249.3156184,29.15141411,SN Ia,https://ztf.fink-portal.org/ZTF24aaumhmm,,,,,
ZTF24aahahuu,SN Ia,0.06,2024egg,194.5790245,27.59535303,SN Ia,https://ztf.fink-portal.org/ZTF24aahahuu,,,,,
ZTF23abryfga,SN Ia,0.06,2023yqq,344.0206282,19.5824202,SN Ia,https://ztf.fink-portal.org/ZTF23abryfga,,,,,
ZTF23abjqxbe,SN Ia,0.06,2023upt,67.11411316,-17.89090224,SN Ia,https://ztf.fink-portal.org/ZTF23abjqxbe,,,,,
ZTF25acfwpoa,SN Ia,0.06,2025afxi,341.9349609,39.3163768,SN Ia,https://ztf.fink-portal.org/ZTF25acfwpoa,,,,,
ZTF24aayyqub,SN Ia,0.06,2024rki,51.08849556,14.13561313,SN Ia,https://ztf.fink-portal.org/ZTF24aayyqub,,,,,
ZTF25abzmbay,SN Ia,0.06,2025acfx,155.9573969,-9.168778321,SN Ia,https://ztf.fink-portal.org/ZTF25abzmbay,,,,,
ZTF24abkegqp,SN Ia,0.06,2024xhi,253.531972,61.80775263,SN Ia,https://ztf.fink-portal.org/ZTF24abkegqp,,,,,
ZTF25aapdivq,SN Ia,0.0624,2025ixf,243.0992184,35.17372866,SN Ia,https://ztf.fink-portal.org/ZTF25aapdivq,,,,,
ZTF23abbbomo,SN Ia,0.065,2023rmk,345.6345227,-19.72473522,SN Ia,https://ztf.fink-portal.org/ZTF23abbbomo,,,,,
ZTF25aadvjal,SN Ia,0.065,2025arz,151.7023561,39.53043906,SN Ia,https://ztf.fink-portal.org/ZTF25aadvjal,,,,,
ZTF24absuydh,SN Ia,0.066,2024abgb,130.4619673,24.69516204,SN Ia,https://ztf.fink-portal.org/ZTF24absuydh,,,,,
ZTF24abgvkxx,SN Ia,0.066,2024vgq,91.3804833,53.92140666,SN Ia,https://ztf.fink-portal.org/ZTF24abgvkxx,,,,,
ZTF24aapeorz,SN Ia,0.066,2024kcf,236.1482091,52.68011896,SN Ia,https://ztf.fink-portal.org/ZTF24aapeorz,,,,,
ZTF25abdcdwd,SN Ia,0.066,2025sce,310.5112641,21.90597466,SN Ia,https://ztf.fink-portal.org/ZTF25abdcdwd,,,,,
ZTF24aaofopg,SN Ia,0.068,2024jdf,255.3433299,78.8526419,SN Ia,https://ztf.fink-portal.org/ZTF24aaofopg,,yes,"https://www.legacysurvey.org/viewer?ra=255.343329925&dec=78.8526419&layer=ls-dr10&photoz-dr9&zoom=16&mark=255.343329925,78.8526419",yes,https://ps1images.stsci.edu/cgi-bin/ps1cutouts?pos=255.343329925+78.8526419&filter=color&filetypes=stack&auxiliary=data&size=220&output_size=500&catlist=1&show_overlay=1&show_grid=1&show_ids=1
ZTF23abaslfm,SN Ia,0.069,2023rbt,26.63096426,11.86536667,SN Ia,https://ztf.fink-portal.org/ZTF23abaslfm,,yes,"https://www.legacysurvey.org/viewer?ra=26.63096426086957&dec=11.865366665217392&layer=ls-dr10&photoz-dr9&zoom=16&mark=26.63096426086957,11.865366665217392",yes,https://ps1images.stsci.edu/cgi-bin/ps1cutouts?pos=26.63096426086957+11.865366665217392&filter=color&filetypes=stack&auxiliary=data&size=220&output_size=500&catlist=1&show_overlay=1&show_grid=1&show_ids=1
ZTF24aahhwwq,SN Ia,0.069788,2024eqd,190.2111138,-3.460642692,SN Ia,https://ztf.fink-portal.org/ZTF24aahhwwq,,,,,
ZTF23abpqklj,SN Ia,0.07,2023xjs,36.64401253,-19.17399308,SN Ia,https://ztf.fink-portal.org/ZTF23abpqklj,,,,,
ZTF24aapeoye,SN Ia,0.07,2024jqy,215.5584608,48.50688066,SN Ia,https://ztf.fink-portal.org/ZTF24aapeoye,,,,,
ZTF25aaamyjq,SN Ia,0.07,2025av,107.9434574,24.03702312,SN Ia,https://ztf.fink-portal.org/ZTF25aaamyjq,,,,,
ZTF25aahtbjr,SN Ia,0.07,2025cxn,195.7806133,-13.40728898,SN Ia,https://ztf.fink-portal.org/ZTF25aahtbjr,,,,,
ZTF23aaxyawz,SN Ia,0.07,2023pjx,22.85663483,12.40870139,SN Ia,https://ztf.fink-portal.org/ZTF23aaxyawz,,no,"https://www.legacysurvey.org/viewer?ra=22.856634826315787&dec=12.408701394736845&layer=ls-dr10&photoz-dr9&zoom=16&mark=22.856634826315787,12.408701394736845",yes,https://ps1images.stsci.edu/cgi-bin/ps1cutouts?pos=22.856634826315787+12.408701394736845&filter=color&filetypes=stack&auxiliary=data&size=220&output_size=500&catlist=1&show_overlay=1&show_grid=1&show_ids=1
ZTF25abilyro,SN Ia,0.07,2025tye,268.4683969,68.01190945,SN Ia,https://ztf.fink-portal.org/ZTF25abilyro,,,,,
ZTF25abwpmrd,SN Ia,0.07,2025aadr,34.47196312,-16.01649956,SN Ia,https://ztf.fink-portal.org/ZTF25abwpmrd,,,,,
ZTF25acbduge,SN Ia,0.07,2025abwi,120.0904068,4.668595018,SN Ia,https://ztf.fink-portal.org/ZTF25acbduge,,,,,
ZTF25acaypgx,SN Ia,0.07,2025abzy,348.1433124,36.41332495,SN Ia,https://ztf.fink-portal.org/ZTF25acaypgx,,not_available,"https://www.legacysurvey.org/viewer?ra=348.14331241&dec=36.41332495&layer=ls-dr10&photoz-dr9&zoom=16&mark=348.14331241,36.41332495",yes,https://ps1images.stsci.edu/cgi-bin/ps1cutouts?pos=348.14331241+36.41332495&filter=color&filetypes=stack&auxiliary=data&size=220&output_size=500&catlist=1&show_overlay=1&show_grid=1&show_ids=1
ZTF25aakhihh,SN Ia,0.071,2025fov,234.4651398,8.557238083,SN Ia,https://ztf.fink-portal.org/ZTF25aakhihh,,,,,
ZTF25aamxnbm,SN Ia,0.071,2025fov,234.4651153,8.55723032,SN Ia,https://ztf.fink-portal.org/ZTF25aamxnbm,,,,,
ZTF25aaqiwar,SN Ia,0.071713,2025krj,224.3112146,12.8118014,SN Ia,https://ztf.fink-portal.org/ZTF25aaqiwar,,,,,
ZTF23abaderr,SN Ia,0.072854,2023qzo,23.7716709,-22.67717624,SN Ia,https://ztf.fink-portal.org/ZTF23abaderr,,,,,
ZTF25aaldcfz,SN Ia,0.073,2025fxb,147.2379535,79.9039631,SN Ia,https://ztf.fink-portal.org/ZTF25aaldcfz,,,,,
ZTF24aakdmwg,SN Ia,0.073,2024gtu,257.1517854,45.26377299,SN Ia,https://ztf.fink-portal.org/ZTF24aakdmwg,,,,,
ZTF24aajydvw,SN Ia,0.074,2024gti,176.4375876,-4.2523808,SN Ia,https://ztf.fink-portal.org/ZTF24aajydvw,,,,,
ZTF24abnfurd,SN Ia,0.075,2024ykq,164.421792,-3.273587085,SN Ia,https://ztf.fink-portal.org/ZTF24abnfurd,,,,,
ZTF24aapzmzb,SN Ia,0.075,2024kxz,318.2618547,-13.549046,SN Ia,https://ztf.fink-portal.org/ZTF24aapzmzb,,,,,
ZTF23abcufxh,SN Ia,0.075,2023spg,2.984585164,-7.772093718,SN Ia,https://ztf.fink-portal.org/ZTF23abcufxh,,,,,
ZTF25aapgumb,SN Ia,0.076,2025kil,163.8800941,11.07623629,SN Ia,https://ztf.fink-portal.org/ZTF25aapgumb,,,,,
ZTF25aaiokdh,SN Ia,0.076102,2025dio,142.8429343,5.28377763,SN Ia,https://ztf.fink-portal.org/ZTF25aaiokdh,,,,,
ZTF23abdynfn,SN Ia,0.07797,2023syg,312.4208059,-14.72403875,SN Ia,https://ztf.fink-portal.org/ZTF23abdynfn,,,,,
ZTF25aanmrqp,SN Ia,0.078,2025hyu,151.9260478,-25.94684597,SN Ia,https://ztf.fink-portal.org/ZTF25aanmrqp,,,,,
ZTF24aauuiva,SN Ia,0.0785,2024pcq,279.1231751,60.48401778,SN Ia,https://ztf.fink-portal.org/ZTF24aauuiva,,,,,
ZTF24aaekbjg,SN Ia,0.079,2024brz,216.4365359,20.0949505,SN Ia,https://ztf.fink-portal.org/ZTF24aaekbjg,,,,,
ZTF25aanfhdv,SN Ia,0.079,2025hlb,161.4607187,18.04559507,SN Ia,https://ztf.fink-portal.org/ZTF25aanfhdv,,,,,
ZTF23absbyol,SN Ia,0.08,2023zjv,108.5435997,36.16466753,SN Ia,https://ztf.fink-portal.org/ZTF23absbyol,,,,,
ZTF25aancloh,SN Ia,0.08,2025hte,234.3130845,1.328528375,SN Ia,https://ztf.fink-portal.org/ZTF25aancloh,,,,,
ZTF25aanepai,SN Ia,0.08,2025hsr,149.1698009,-4.176257415,SN Ia,https://ztf.fink-portal.org/ZTF25aanepai,,,,,
ZTF24ablthst,SN Ia,0.08,2024xol,51.01460123,-15.71731935,SN Ia,https://ztf.fink-portal.org/ZTF24ablthst,,,,,
ZTF25abevfgb,SN Ia,0.08,2025sag,347.6369278,-18.76693754,SN Ia,https://ztf.fink-portal.org/ZTF25abevfgb,,,,,
ZTF25abmkbaa,SN Ia,0.081,2025wdz,335.3035671,23.71677259,SN Ia,https://ztf.fink-portal.org/ZTF25abmkbaa,,,,,
ZTF24abmqdcc,SN Ia,0.081,2024ygt,56.97701432,6.707008075,SN Ia,https://ztf.fink-portal.org/ZTF24abmqdcc,,,,,
ZTF24aafqard,SN Ia,0.083,2024csz,184.2199386,0.2080973,SN Ia,https://ztf.fink-portal.org/ZTF24aafqard,,,,,
ZTF24abttkmr,SN Ia,0.083,2024aces,188.1156134,52.17357218,SN Ia,https://ztf.fink-portal.org/ZTF24abttkmr,,,,,
ZTF25aanbchm,SN Ia,0.0835,2025hma,161.4837013,-0.2764009,SN Ia,https://ztf.fink-portal.org/ZTF25aanbchm,,,,,
ZTF23aazrtdy,SN Ia,0.084,2023qpe,355.065776,15.46415843,SN Ia,https://ztf.fink-portal.org/ZTF23aazrtdy,,,,,
ZTF25aayxsry,SN Ia,0.085,2025qff,312.9378078,-9.54342788,SN Ia,https://ztf.fink-portal.org/ZTF25aayxsry,,,,,
ZTF23abvzhwa,SN Ia,0.085,2024mi,114.3755678,45.28689709,SN Ia,https://ztf.fink-portal.org/ZTF23abvzhwa,,,,,
ZTF24aawruen,SN Ia,0.085,2024pwe,248.8322504,19.2412168,SN Ia,https://ztf.fink-portal.org/ZTF24aawruen,,,,,
ZTF25aakatwx,SN Ia,0.086,2025ftb,101.0652426,45.56403955,SN Ia,https://ztf.fink-portal.org/ZTF25aakatwx,,,,,
ZTF23abdhvou,SN Ia,0.089,2023sqs,29.58001748,14.5602027,SN Ia,https://ztf.fink-portal.org/ZTF23abdhvou,,,,,
ZTF23absflyh,SN Ia,0.09,2023yti,31.5925162,-18.3183686,SN Ia,https://ztf.fink-portal.org/ZTF23absflyh,,,,,
ZTF25abikagm,SN Ia,0.09,2025tss,71.74520868,84.45951767,SN Ia,https://ztf.fink-portal.org/ZTF25abikagm,,,,,
ZTF24aagtlpi,SN Ia,0.09,2024ebw,210.6453653,30.1362906,SN Ia,https://ztf.fink-portal.org/ZTF24aagtlpi,,,,,
ZTF23aaznifc,SN Ia,0.09,2023qrz,328.8113165,-17.5920954,SN Ia,https://ztf.fink-portal.org/ZTF23aaznifc,,,,,
ZTF25aasfmrt,SN Ia,0.09,2025lwt,327.6232108,-13.65563256,SN Ia,https://ztf.fink-portal.org/ZTF25aasfmrt,,,,,
ZTF24aatbavv,SN Ia,0.09,2024npr,1.624856633,-4.005371233,SN Ia,https://ztf.fink-portal.org/ZTF24aatbavv,,,,,
ZTF24abmhrjk,SN Ia,0.09,2024yfk,42.98114154,-4.959299256,SN Ia,https://ztf.fink-portal.org/ZTF24abmhrjk,,,,,
ZTF25aajgcvv,SN Ia,0.09,2025ezz,171.5225086,65.84535731,SN Ia,https://ztf.fink-portal.org/ZTF25aajgcvv,,,,,
ZTF25aapvrng,SN Ia,0.09,2025khg,172.3125511,-7.183092186,SN Ia,https://ztf.fink-portal.org/ZTF25aapvrng,,,,,
ZTF25acczido,SN Ia,0.091,2025acua,9.30247097,9.50350131,SN Ia,https://ztf.fink-portal.org/ZTF25acczido,,no,"https://www.legacysurvey.org/viewer?ra=9.30247097&dec=9.50350131&layer=ls-dr10&photoz-dr9&zoom=16&mark=9.30247097,9.50350131",yes,https://ps1images.stsci.edu/cgi-bin/ps1cutouts?pos=9.30247097+9.50350131&filter=color&filetypes=stack&auxiliary=data&size=220&output_size=500&catlist=1&show_overlay=1&show_grid=1&show_ids=1
ZTF25abeuvaa,SN Ia,0.091,2025sns,327.9077805,-27.24805551,SN Ia,https://ztf.fink-portal.org/ZTF25abeuvaa,,,,,
ZTF24aalcflg,SN Ia,0.093,2024hrq,245.823057,2.508987889,SN Ia,https://ztf.fink-portal.org/ZTF24aalcflg,,no,"https://www.legacysurvey.org/viewer?ra=245.82305697777775&dec=2.508987888888889&layer=ls-dr10&photoz-dr9&zoom=16&mark=245.82305697777775,2.508987888888889",no,https://ps1images.stsci.edu/cgi-bin/ps1cutouts?pos=245.82305697777775+2.508987888888889&filter=color&filetypes=stack&auxiliary=data&size=220&output_size=500&catlist=1&show_overlay=1&show_grid=1&show_ids=1
ZTF24abmkoqc,SN Ia,0.095,2024yfp,123.8215475,13.98723767,SN Ia,https://ztf.fink-portal.org/ZTF24abmkoqc,,,,,
ZTF23abjfikg,SN Ia,0.095,2023umd,338.0658319,0.4467306417,SN Ia,https://ztf.fink-portal.org/ZTF23abjfikg,,,,,
ZTF25abrggxu,SN Ia,0.0957,2025xrt,318.7169541,-23.69154767,SN Ia,https://ztf.fink-portal.org/ZTF25abrggxu,,,,,
ZTF24aaybeda,SN Ia,0.097427,2024qwi,253.6686972,40.74364268,SN Ia,https://ztf.fink-portal.org/ZTF24aaybeda,,,,,
ZTF24abtsprb,SN Ia,0.099,2024abwf,135.5833438,26.91613724,SN Ia,https://ztf.fink-portal.org/ZTF24abtsprb,,,,,
ZTF25acgqhry,SN Ia,0.1,2025agmz,117.8242498,1.178132892,SN Ia,https://ztf.fink-portal.org/ZTF25acgqhry,,,,,
ZTF24abyixnr,SN Ia,0.1,2024afbd,134.8179263,67.69320625,SN Ia,https://ztf.fink-portal.org/ZTF24abyixnr,,,,,
ZTF23aboemfi,SN Ia,0.1,2023wrn,352.9730108,22.65853778,SN Ia,https://ztf.fink-portal.org/ZTF23aboemfi,,,,,
ZTF24aahhcuo,SN Ia,0.1,2024ewl,143.4832055,29.97593545,SN Ia,https://ztf.fink-portal.org/ZTF24aahhcuo,,,,,
ZTF23abavpyk,SN Ia,0.1,2023rfg,352.7757145,-27.01567576,SN Ia,https://ztf.fink-portal.org/ZTF23abavpyk,,,,,
ZTF25abijzcu,SN Ia,0.1,2025txy,22.11873773,-13.56771488,SN Ia,https://ztf.fink-portal.org/ZTF25abijzcu,,,,,
ZTF24abszjmr,SN Ia,0.1,2024abmn,145.433488,44.24272605,SN Ia,https://ztf.fink-portal.org/ZTF24abszjmr,,,,,
ZTF25acavlfh,SN Ia,0.1,2025acao,2.957844711,-2.223780822,SN Ia,https://ztf.fink-portal.org/ZTF25acavlfh,,,,,
ZTF25aatruwp,SN Ia,0.1,2025mzr,325.3328609,-18.07790826,SN Ia,https://ztf.fink-portal.org/ZTF25aatruwp,,,,,
ZTF25aafpooi,SN Ia,0.1,2025bwb,83.60183195,-25.42546676,SN Ia,https://ztf.fink-portal.org/ZTF25aafpooi,,no,"https://www.legacysurvey.org/viewer?ra=83.60183194545453&dec=-25.42546676363636&layer=ls-dr10&photoz-dr9&zoom=16&mark=83.60183194545453,-25.42546676363636",no,https://ps1images.stsci.edu/cgi-bin/ps1cutouts?pos=83.60183194545453+-25.42546676363636&filter=color&filetypes=stack&auxiliary=data&size=220&output_size=500&catlist=1&show_overlay=1&show_grid=1&show_ids=1
ZTF23abbakmt,SN Ia,0.101,2023rhf,310.5529541,-12.88078948,SN Ia,https://ztf.fink-portal.org/ZTF23abbakmt,,,,,
ZTF23abcqzvm,SN Ia,0.102,2023svf,251.0219163,30.30277647,SN Ia,https://ztf.fink-portal.org/ZTF23abcqzvm,,,,,
ZTF24aatwwpj,SN Ia,0.106,2024ngr,275.7546338,43.27068081,SN Ia,https://ztf.fink-portal.org/ZTF24aatwwpj,,,,,
ZTF24abzjfdz,SN Ia,0.1095,2024afro,166.226321,78.92745973,SN Ia,https://ztf.fink-portal.org/ZTF24abzjfdz,,no,"https://www.legacysurvey.org/viewer?ra=166.22632101818184&dec=78.92745972727273&layer=ls-dr10&photoz-dr9&zoom=16&mark=166.22632101818184,78.92745972727273",yes,https://ps1images.stsci.edu/cgi-bin/ps1cutouts?pos=166.22632101818184+78.92745972727273&filter=color&filetypes=stack&auxiliary=data&size=220&output_size=500&catlist=1&show_overlay=1&show_grid=1&show_ids=1
ZTF24aapzgnb,SN Ia,0.11,2024kcq,324.6855045,11.99504418,SN Ia,https://ztf.fink-portal.org/ZTF24aapzgnb,,,,,
ZTF24abifmph,SN Ia,0.11,2024vwh,105.0407976,33.166354,SN Ia,https://ztf.fink-portal.org/ZTF24abifmph,,yes,"https://www.legacysurvey.org/viewer?ra=105.040797575&dec=33.166354&layer=ls-dr10&photoz-dr9&zoom=16&mark=105.040797575,33.166354",yes,https://ps1images.stsci.edu/cgi-bin/ps1cutouts?pos=105.040797575+33.166354&filter=color&filetypes=stack&auxiliary=data&size=220&output_size=500&catlist=1&show_overlay=1&show_grid=1&show_ids=1
ZTF24aawxpeu,SN Ia,0.11,2024qaq,256.4344108,38.37738304,SN Ia,https://ztf.fink-portal.org/ZTF24aawxpeu,,,,,
ZTF24aaimwud,SN Ia,0.115,2024lni,190.4526049,63.01838812,SN Ia,https://ztf.fink-portal.org/ZTF24aaimwud,,yes,"https://www.legacysurvey.org/viewer?ra=190.45260488333335&dec=63.018388116666664&layer=ls-dr10&photoz-dr9&zoom=16&mark=190.45260488333335,63.018388116666664",yes,https://ps1images.stsci.edu/cgi-bin/ps1cutouts?pos=190.45260488333335+63.018388116666664&filter=color&filetypes=stack&auxiliary=data&size=220&output_size=500&catlist=1&show_overlay=1&show_grid=1&show_ids=1
ZTF23aazezjp,SN Ia,0.12,2023pug,6.516917529,30.87686879,SN Ia,https://ztf.fink-portal.org/ZTF23aazezjp,,,,,
ZTF25abwobxz,SN Ia,0.12,2025aapx,314.199756,-3.051661408,SN Ia,https://ztf.fink-portal.org/ZTF25abwobxz,,,,,
ZTF25abdzkae,SN Ia,0.121,2025smd,266.8255894,29.26905003,SN Ia,https://ztf.fink-portal.org/ZTF25abdzkae,,,,,
ZTF25abwdrev,SN Ia,0.126,2025zqz,346.1518762,27.80472935,SN Ia,https://ztf.fink-portal.org/ZTF25abwdrev,,,,,
ZTF23abbsfxp,SN Ia,0.139,2023slt,53.51840658,-21.90609215,SN Ia,https://ztf.fink-portal.org/ZTF23abbsfxp,,,,,
ZTF24abyxivp,SN Ia,0.14,2024afos,78.00845895,-19.62249525,SN Ia,https://ztf.fink-portal.org/ZTF24abyxivp,,,,,
ZTF25ackwrun,SN Ia,0.075,2025aiiz,113.9129538,39.06990693,SN Ia,https://ztf.fink-portal.org/ZTF25ackwrun,,,,,
ZTF24aadxyvz,SN Ia-91bg-like,0.0298,2024bjb,167.9824507,3.13368736,SN Ia*,https://ztf.fink-portal.org/ZTF24aadxyvz,,,,,
ZTF25aaoxequ,SN Ia-91bg-like,0.06,2025izg,226.697812,29.34659766,SN Ia*,https://ztf.fink-portal.org/ZTF25aaoxequ,,,,,
ZTF25aarutoh,SN Ia-91T-like,0.034,2025lzw,201.983049,34.37778458,SN Ia*,https://ztf.fink-portal.org/ZTF25aarutoh,,,,,
ZTF23abvbwys,SN Ia-91T-like,0.049,2023aajn,55.39106185,-2.78057119,SN Ia*,https://ztf.fink-portal.org/ZTF23abvbwys,,yes,"https://www.legacysurvey.org/viewer?ra=55.39106185499999&dec=-2.7805711900000007&layer=ls-dr10&photoz-dr9&zoom=16&mark=55.39106185499999,-2.7805711900000007",yes,https://ps1images.stsci.edu/cgi-bin/ps1cutouts?pos=55.39106185499999+-2.7805711900000007&filter=color&filetypes=stack&auxiliary=data&size=220&output_size=500&catlist=1&show_overlay=1&show_grid=1&show_ids=1
ZTF24aahpcfe,SN Ia-91T-like,0.08,2024fai,162.1703843,-9.526831111,SN Ia*,https://ztf.fink-portal.org/ZTF24aahpcfe,,,,,
ZTF25acgqggy,SN Ia-91T-like,0.09,2025agkk,119.3774272,39.59059673,SN Ia*,https://ztf.fink-portal.org/ZTF25acgqggy,,,,,
ZTF25aatpeel,SN Ia-CSM,0.182,2025ndr,306.330609,-2.49997959,SN Ia-CSM,https://ztf.fink-portal.org/ZTF25aatpeel,,,,,
ZTF24absyxrj,SN Ia-pec,0.02108,2024abli,172.7951808,34.21380814,SN Ia*,https://ztf.fink-portal.org/ZTF24absyxrj,,,,,
ZTF23abshmtt,SN Ia-pec,0.109,2023zdy,125.7110523,21.17260912,SN Ia*,https://ztf.fink-portal.org/ZTF23abshmtt,,,,,
ZTF25abqkwce,SN Ia-SC,0.04,2025xju,358.8111619,39.76371592,SN Ia*,https://ztf.fink-portal.org/ZTF25abqkwce,,not_available,"https://www.legacysurvey.org/viewer?ra=358.81116190779227&dec=39.76371591818182&layer=ls-dr10&photoz-dr9&zoom=16&mark=358.81116190779227,39.76371591818182",yes,https://ps1images.stsci.edu/cgi-bin/ps1cutouts?pos=358.81116190779227+39.76371591818182&filter=color&filetypes=stack&auxiliary=data&size=220&output_size=500&catlist=1&show_overlay=1&show_grid=1&show_ids=1
ZTF24aagnlaw,SN Ia-SC,0.13,2024dvi,160.0097931,61.84385537,SN Ia*,https://ztf.fink-portal.org/ZTF24aagnlaw,,yes,"https://www.legacysurvey.org/viewer?ra=160.00979308888884&dec=61.84385537222223&layer=ls-dr10&photoz-dr9&zoom=16&mark=160.00979308888884,61.84385537222223",yes,https://ps1images.stsci.edu/cgi-bin/ps1cutouts?pos=160.00979308888884+61.84385537222223&filter=color&filetypes=stack&auxiliary=data&size=220&output_size=500&catlist=1&show_overlay=1&show_grid=1&show_ids=1
ZTF25aahsvoc,SN Ib-Ca-rich,0.00472,2025coe,158.2830058,28.43680533,SN Ibc*,https://ztf.fink-portal.org/ZTF25aahsvoc,,,,,
ZTF25acgdfwz,SN Ib/c,0.018,2025agik,23.67907885,36.96421261,SN Ibc*,https://ztf.fink-portal.org/ZTF25acgdfwz,,not_available,"https://www.legacysurvey.org/viewer?ra=23.679078847826087&dec=36.964212608695654&layer=ls-dr10&photoz-dr9&zoom=16&mark=23.679078847826087,36.964212608695654",yes,https://ps1images.stsci.edu/cgi-bin/ps1cutouts?pos=23.679078847826087+36.964212608695654&filter=color&filetypes=stack&auxiliary=data&size=220&output_size=500&catlist=1&show_overlay=1&show_grid=1&show_ids=1
ZTF25aaompnz,SN Ibn,0.06,2025imp,225.6426296,34.88395779,SN Ibc*,https://ztf.fink-portal.org/ZTF25aaompnz,,,,,
ZTF24aaxdooe,SN Ic-BL,0.03,2024pxk,39.94384899,-13.02265935,SN Ibc*,https://ztf.fink-portal.org/ZTF24aaxdooe,,,,,
ZTF25acfzcip,SN Ic-BL,0.05,2025afto,46.01169538,-13.01534156,SN Ibc*,https://ztf.fink-portal.org/ZTF25acfzcip,,,,,
ZTF25aausnjn,SN Ic-BL,0.09,2025mkc,288.9317483,64.58780486,SN Ibc*,https://ztf.fink-portal.org/ZTF25aausnjn,,,,,
ZTF23abochfb,SN Ic-BL,0.15,2023wtq,20.48199616,-3.772209727,SN Ibc*,https://ztf.fink-portal.org/ZTF23abochfb,,,,,
ZTF24abygyka,SN Ic-BL,0.2,2024aeiw,114.8781115,-1.47839332,SN Ibc*,https://ztf.fink-portal.org/ZTF24abygyka,,,,,
ZTF25abmtiec,SN Ic-BL,0.3,2025wfz,350.0194743,16.28414779,SN Ibc*,https://ztf.fink-portal.org/ZTF25abmtiec,,,,,
ZTF25aaadqsi,SN II,0.0085,2025bl,117.2287688,85.76259578,SN II,https://ztf.fink-portal.org/ZTF25aaadqsi,,,,,
ZTF25absjpon,SN II,0.01,2025xdn,91.25440313,-14.10412619,SN II,https://ztf.fink-portal.org/ZTF25absjpon,,,,,
ZTF25acegczg,SN II,0.012,2025aedz,87.69428508,58.91478183,SN II,https://ztf.fink-portal.org/ZTF25acegczg,,,,,
ZTF25aauhsoe,SN II,0.0165,2025nbh,21.32625492,7.35750184,SN II,https://ztf.fink-portal.org/ZTF25aauhsoe,,,,,
ZTF25acgqfpt,SN II,0.017,2025agqe,119.2157363,53.32416032,SN II,https://ztf.fink-portal.org/ZTF25acgqfpt,,,,,
ZTF24aakfchb,SN II,0.018,2024gyt,139.987072,0.9376311158,SN II,https://ztf.fink-portal.org/ZTF24aakfchb,,,,,
ZTF24abhupjy,SN II,0.0245,2024vls,101.6589214,22.5093535,SN II,https://ztf.fink-portal.org/ZTF24abhupjy,,,,,
ZTF24aadecbb,SN II,0.03,2024amc,186.1998078,-0.9898440235,SN II,https://ztf.fink-portal.org/ZTF24aadecbb,,,,,
ZTF23ablspnz,SN II,0.035,2023vkz,127.150746,57.20884761,SN II,https://ztf.fink-portal.org/ZTF23ablspnz,,no,"https://www.legacysurvey.org/viewer?ra=127.15074601081083&dec=57.20884760540541&layer=ls-dr10&photoz-dr9&zoom=16&mark=127.15074601081083,57.20884760540541",yes,https://ps1images.stsci.edu/cgi-bin/ps1cutouts?pos=127.15074601081083+57.20884760540541&filter=color&filetypes=stack&auxiliary=data&size=220&output_size=500&catlist=1&show_overlay=1&show_grid=1&show_ids=1
ZTF25aaetvgk,SN II,0.04,2025alg,197.9432439,-14.17818033,SN II,https://ztf.fink-portal.org/ZTF25aaetvgk,,,,,
ZTF25aadlhzw,SN II,0.04,2025alh,181.7531574,-15.68927339,SN II,https://ztf.fink-portal.org/ZTF25aadlhzw,,,,,
ZTF25aambvjr,SN II,0.05,2025jqr,335.7658163,17.3163607,SN II,https://ztf.fink-portal.org/ZTF25aambvjr,,,,,
ZTF24aabqfbn,SN II,0.06,2024xh,205.3888571,15.71305347,SN II,https://ztf.fink-portal.org/ZTF24aabqfbn,,,,,
ZTF25aajlyns,SN II,0.0605,2025fen,176.5156269,70.41081118,SN II,https://ztf.fink-portal.org/ZTF25aajlyns,,,,,
ZTF25aaiquqz,SN II,,2025dgf,195.935922,-16.42964167,SN II,https://ztf.fink-portal.org/ZTF25aaiquqz,,,,,
ZTF25acfcmnb,SN II,0.0487,2025afje,42.04114875,37.75489817,SN II,https://ztf.fink-portal.org/ZTF25acfcmnb,,,,,
ZTF25aafdxjr,SN IIb,0.02,2025azl,195.9828776,-20.9423042,SN IIb,https://ztf.fink-portal.org/ZTF25aafdxjr,,,,,
ZTF25aaczsit,SN IIb,0.084,2025aca,145.5430578,37.09276605,SN IIb,https://ztf.fink-portal.org/ZTF25aaczsit,,,,,
ZTF24aaennqr,SN IIn,0.037,2024bth,109.6594566,4.3096818,SN IIn,https://ztf.fink-portal.org/ZTF24aaennqr,,,,,
ZTF25aapplfd,SN IIn,0.085,2025kjd,270.4864676,66.08674268,SN IIn,https://ztf.fink-portal.org/ZTF25aapplfd,,,,,
ZTF24aaerzgz,SN IIn,0.1,2024crf,296.4482155,48.37532484,SN IIn,https://ztf.fink-portal.org/ZTF24aaerzgz,,,,,
ZTF25aakqyxk,SN IIP,0.034,2025ftr,156.5122229,-3.415717014,SN II,https://ztf.fink-portal.org/ZTF25aakqyxk,,,,,
ZTF24abqlxaf,SN IIP,0.04,2024zxb,76.94117523,16.10043294,SN II,https://ztf.fink-portal.org/ZTF24abqlxaf,,,,,
ZTF24abmaujk,TDE,0.12,2024ymu,1.718909325,-17.33681092,TDE,https://ztf.fink-portal.org/ZTF24abmaujk,,,,,
ZTF24aatxshz,TDE,0.1398,2024qab,273.525805,36.24992176,TDE,https://ztf.fink-portal.org/ZTF24aatxshz,,,,,
ZTF25aajjeon,TDE,0.6278,2025hbw,143.0035679,46.10419376,TDE,https://ztf.fink-portal.org/ZTF25aajjeon,,,,,
ZTF25aaptkov,TDE-featureless,0.292,2025kkj,222.9691154,8.905023875,TDE,https://ztf.fink-portal.org/ZTF25aaptkov,,,,,
ZTF24aafedkt,Varstar,0,2019hyn,111.1265187,73.18213092,Varstar,https://ztf.fink-portal.org/ZTF24aafedkt,,,,,
ZTF25acdhetm,Varstar,0,2025acvr,142.8859563,59.37619201,Varstar,https://ztf.fink-portal.org/ZTF25acdhetm,,,,,
ZTF24abztsuv,,0,2024afzf,113.1469647,-17.30407935,,https://ztf.fink-portal.org/ZTF24abztsuv,,,,,
ZTF23aazdoyl,,0.1832,2023puk,307.7607151,-4.7559937,,https://ztf.fink-portal.org/ZTF23aazdoyl,,,,,
ZTF23abnmkgl,,,2023vww,80.90489871,42.68250038,,https://ztf.fink-portal.org/ZTF23abnmkgl,,,,,
ZTF24abxzkkf,,,,24.32227782,59.07089447,,https://ztf.fink-portal.org/ZTF24abxzkkf,,,,,
ZTF24aatkhhr,,,2024pcy,7.793823454,51.56607142,,https://ztf.fink-portal.org/ZTF24aatkhhr,,,,,
ZTF24aaksert,,,2024hab,238.4957293,-12.53474594,,https://ztf.fink-portal.org/ZTF24aaksert,,,,,
ZTF25abbcall,,,2025rlg,277.5588732,13.23551735,,https://ztf.fink-portal.org/ZTF25abbcall,,,,,
ZTF23abbarvf,,,2023rsf,305.6040352,10.42380474,,https://ztf.fink-portal.org/ZTF23abbarvf,,,,,
ZTF23absbzov,,,2023yru,107.3608654,31.0277408,,https://ztf.fink-portal.org/ZTF23absbzov,,,,,
ZTF24aarqhdj,,,2024ljw,280.8625353,3.248257057,,https://ztf.fink-portal.org/ZTF24aarqhdj,,,,,
ZTF24aahfvqw,,,2024eoh,103.4264055,0.70005815,,https://ztf.fink-portal.org/ZTF24aahfvqw,,,,,
ZTF24aahttlx,,,2024ffv,69.5537858,67.51629068,,https://ztf.fink-portal.org/ZTF24aahttlx,,,,,
ZTF24aahrjsx,,,2024exe,74.7969002,28.59607367,,https://ztf.fink-portal.org/ZTF24aahrjsx,,,,,
ZTF25acgbcph,,,2025afsx,127.5837151,-4.104347275,,https://ztf.fink-portal.org/ZTF25acgbcph,,,,,
ZTF24abluyzf,,,2024wqx,276.9773405,16.75734456,,https://ztf.fink-portal.org/ZTF24abluyzf,,,,,
ZTF24abcvapx,,,2024tdc,68.76454578,86.94030261,,https://ztf.fink-portal.org/ZTF24abcvapx,yes,not_available,"https://www.legacysurvey.org/viewer?ra=68.764545775&dec=86.94030260624999&layer=ls-dr10&photoz-dr9&zoom=16&mark=68.764545775,86.94030260624999",yes,https://ps1images.stsci.edu/cgi-bin/ps1cutouts?pos=68.764545775+86.94030260624999&filter=color&filetypes=stack&auxiliary=data&size=220&output_size=500&catlist=1&show_overlay=1&show_grid=1&show_ids=1
ZTF24aahkzvn,,,2024eus,323.8082894,23.41926419,,https://ztf.fink-portal.org/ZTF24aahkzvn,,,,,
ZTF25aacicqp,,,2016evx,269.1128046,10.4305154,,https://ztf.fink-portal.org/ZTF25aacicqp,,,,,
ZTF23aazmlht,,,2023skm,299.6510996,53.59825764,,https://ztf.fink-portal.org/ZTF23aazmlht,,,,,
ZTF23abhvmjb,,,2023wya,125.480354,16.29960591,,https://ztf.fink-portal.org/ZTF23abhvmjb,,,,,
ZTF23abhyzsk,,,2023vvj,112.0299698,23.68338738,,https://ztf.fink-portal.org/ZTF23abhyzsk,,,,,
ZTF23abarvgy,,,2023rey,93.71094703,50.64050238,,https://ztf.fink-portal.org/ZTF23abarvgy,,,,,
ZTF25acgetsn,,,,119.6520873,-15.50358428,,https://ztf.fink-portal.org/ZTF25acgetsn,,,,,
ZTF25abigpex,,,,246.7925918,-10.5005792,,https://ztf.fink-portal.org/ZTF25abigpex,,,,,
ZTF25aabtxoc,,,2025qj,76.79817332,34.33691498,,https://ztf.fink-portal.org/ZTF25aabtxoc,yes,,,,
ZTF25aaxihdl,,,2025pgc,278.3379976,-11.1612312,,https://ztf.fink-portal.org/ZTF25aaxihdl,yes,,,,
ZTF23abhzekh,,,2023uqg,99.14737859,6.263955508,,https://ztf.fink-portal.org/ZTF23abhzekh,yes,,,,
ZTF25abawgwl,,,,270.2896453,-23.86625435,,https://ztf.fink-portal.org/ZTF25abawgwl,yes,,,,
ZTF25aabvexg,,,,14.28087533,66.66011433,,https://ztf.fink-portal.org/ZTF25aabvexg,yes,,,,
ZTF25aceinhd,,,,36.76853124,55.37083715,,https://ztf.fink-portal.org/ZTF25aceinhd,yes,not_available,"https://www.legacysurvey.org/viewer?ra=36.768531243999995&dec=55.370837148&layer=ls-dr10&photoz-dr9&zoom=16&mark=36.768531243999995,55.370837148",yes,https://ps1images.stsci.edu/cgi-bin/ps1cutouts?pos=36.768531243999995+55.370837148&filter=color&filetypes=stack&auxiliary=data&size=220&output_size=500&catlist=1&show_overlay=1&show_grid=1&show_ids=1
ZTF25aalqjms,,,,102.5307852,0.03527587143,,https://ztf.fink-portal.org/ZTF25aalqjms,yes,,,,
ZTF24abracvj,,,2024aanz,357.7435506,53.29887022,,https://ztf.fink-portal.org/ZTF24abracvj,yes,,,,
ZTF24abaalzx,,,2024rue,322.6470802,19.67442453,,https://ztf.fink-portal.org/ZTF24abaalzx,yes,,,,
ZTF24aaruxmt,,,2024ldk,316.2348073,67.70986072,,https://ztf.fink-portal.org/ZTF24aaruxmt,yes,,,,
ZTF24abgdwyx,,,2024uzm,63.40695213,18.13347343,,https://ztf.fink-portal.org/ZTF24abgdwyx,yes,,,,
ZTF24abrywxv,,,2024aaxo,293.6857012,48.41381497,,https://ztf.fink-portal.org/ZTF24abrywxv,yes,,,,
ZTF24aardkhs,,,2024kxv,277.7953386,16.67963265,,https://ztf.fink-portal.org/ZTF24aardkhs,yes,not_available,"https://www.legacysurvey.org/viewer?ra=277.79533858750005&dec=16.679632650000002&layer=ls-dr10&photoz-dr9&zoom=16&mark=277.79533858750005,16.679632650000002",yes,https://ps1images.stsci.edu/cgi-bin/ps1cutouts?pos=277.79533858750005+16.679632650000002&filter=color&filetypes=stack&auxiliary=data&size=220&output_size=500&catlist=1&show_overlay=1&show_grid=1&show_ids=1
ZTF24aaqwmpl,,,2024kzq,324.7675053,27.23033554,,https://ztf.fink-portal.org/ZTF24aaqwmpl,yes,,,,
ZTF24abspaxa,,,2024abfs,16.7922818,83.40523163,,https://ztf.fink-portal.org/ZTF24abspaxa,yes,,,,
ZTF24aauuamm,,,2017esv,252.5415554,-18.46276144,,https://ztf.fink-portal.org/ZTF24aauuamm,yes,,,,
ZTF24aakrrjs,,,2024hje,226.8553915,-22.07217264,,https://ztf.fink-portal.org/ZTF24aakrrjs,yes,no,"https://www.legacysurvey.org/viewer?ra=226.855391475&dec=-22.0721726375&layer=ls-dr10&photoz-dr9&zoom=16&mark=226.855391475,-22.0721726375",yes,https://ps1images.stsci.edu/cgi-bin/ps1cutouts?pos=226.855391475+-22.0721726375&filter=color&filetypes=stack&auxiliary=data&size=220&output_size=500&catlist=1&show_overlay=1&show_grid=1&show_ids=1
ZTF24abxhdum,,,2017edo,347.3748006,43.92261134,,https://ztf.fink-portal.org/ZTF24abxhdum,yes,,,,
ZTF24abnxgxw,,,2024yho,139.5039064,-16.12410388,,https://ztf.fink-portal.org/ZTF24abnxgxw,yes,no,"https://www.legacysurvey.org/viewer?ra=139.5039064&dec=-16.124103875&layer=ls-dr10&photoz-dr9&zoom=16&mark=139.5039064,-16.124103875",yes,https://ps1images.stsci.edu/cgi-bin/ps1cutouts?pos=139.5039064+-16.124103875&filter=color&filetypes=stack&auxiliary=data&size=220&output_size=500&catlist=1&show_overlay=1&show_grid=1&show_ids=1
ZTF24abqxbwy,,,2024aapf,279.0907812,40.32476258,,https://ztf.fink-portal.org/ZTF24abqxbwy,yes,,,,
ZTF24aayhjxz,,,2024rbf,274.7961245,11.89468685,,https://ztf.fink-portal.org/ZTF24aayhjxz,yes,,,,
ZTF24abbwlpx,,,2024skf,323.6440652,30.5021165,,https://ztf.fink-portal.org/ZTF24abbwlpx,yes,not_available,"https://www.legacysurvey.org/viewer?ra=323.6440652333334&dec=30.5021165&layer=ls-dr10&photoz-dr9&zoom=16&mark=323.6440652333334,30.5021165",yes,https://ps1images.stsci.edu/cgi-bin/ps1cutouts?pos=323.6440652333334+30.5021165&filter=color&filetypes=stack&auxiliary=data&size=220&output_size=500&catlist=1&show_overlay=1&show_grid=1&show_ids=1
ZTF24abrzdky,,,2024aaxq,308.0536642,3.698051829,,https://ztf.fink-portal.org/ZTF24abrzdky,yes,,,,
ZTF24aauponi,,,2024rkb,45.3103772,47.57051838,,https://ztf.fink-portal.org/ZTF24aauponi,yes,,,,
ZTF25acfqnpb,,,2025afut,126.6688734,-12.90930357,,https://ztf.fink-portal.org/ZTF25acfqnpb,yes,,,,
ZTF25abxfxna,,,2025acqu,291.2713224,38.25623081,,https://ztf.fink-portal.org/ZTF25abxfxna,yes,,,,
ZTF25abzcwci,,,2025abfn,79.76751686,0.7694975857,,https://ztf.fink-portal.org/ZTF25abzcwci,yes,no,"https://www.legacysurvey.org/viewer?ra=79.76751686428572&dec=0.7694975857142855&layer=ls-dr10&photoz-dr9&zoom=16&mark=79.76751686428572,0.7694975857142855",yes,https://ps1images.stsci.edu/cgi-bin/ps1cutouts?pos=79.76751686428572+0.7694975857142855&filter=color&filetypes=stack&auxiliary=data&size=220&output_size=500&catlist=1&show_overlay=1&show_grid=1&show_ids=1
ZTF25acavnbx,,,2025abxe,12.42411913,45.35187495,,https://ztf.fink-portal.org/ZTF25acavnbx,yes,,,,
ZTF24aaospih,,,2024jkf,234.6850838,-20.35955369,,https://ztf.fink-portal.org/ZTF24aaospih,yes,,,,
ZTF24aazqqsw,,,2024rrc,284.4315665,61.03680347,,https://ztf.fink-portal.org/ZTF24aazqqsw,yes,no,"https://www.legacysurvey.org/viewer?ra=284.4315664833333&dec=61.03680346666667&layer=ls-dr10&photoz-dr9&zoom=16&mark=284.4315664833333,61.03680346666667",yes,https://ps1images.stsci.edu/cgi-bin/ps1cutouts?pos=284.4315664833333+61.03680346666667&filter=color&filetypes=stack&auxiliary=data&size=220&output_size=500&catlist=1&show_overlay=1&show_grid=1&show_ids=1
ZTF24aaodomb,,,2017fad,257.7722561,-8.177251936,,https://ztf.fink-portal.org/ZTF24aaodomb,yes,not_available,"https://www.legacysurvey.org/viewer?ra=257.77225605454544&dec=-8.17725193636364&layer=ls-dr10&photoz-dr9&zoom=16&mark=257.77225605454544,-8.17725193636364",no,https://ps1images.stsci.edu/cgi-bin/ps1cutouts?pos=257.77225605454544+-8.17725193636364&filter=color&filetypes=stack&auxiliary=data&size=220&output_size=500&catlist=1&show_overlay=1&show_grid=1&show_ids=1
ZTF24aaifufq,,,2024fmb,307.2142396,23.5814473,,https://ztf.fink-portal.org/ZTF24aaifufq,yes,,,,
ZTF24aawsbpd,,,2024rww,251.9121936,-21.03730584,,https://ztf.fink-portal.org/ZTF24aawsbpd,yes,,,,
ZTF24abwlpbj,,,2024advw,312.386748,6.01792285,,https://ztf.fink-portal.org/ZTF24abwlpbj,yes,,,,
ZTF24abqndsu,,,2024aaqk,285.1798373,22.71749607,,https://ztf.fink-portal.org/ZTF24abqndsu,yes,,,,
ZTF25abztjzq,,,2025abne,73.21969233,-1.439093447,,https://ztf.fink-portal.org/ZTF25abztjzq,yes,,,,
ZTF24abbjmyk,,,2024sfh,276.6400475,19.16481715,,https://ztf.fink-portal.org/ZTF24abbjmyk,yes,,,,
ZTF24abzoslp,,,2024aexn,316.8451078,22.44873894,,https://ztf.fink-portal.org/ZTF24abzoslp,yes,,,,
ZTF24aahrdmd,,,2024exf,98.87398725,20.57923413,,https://ztf.fink-portal.org/ZTF24aahrdmd,yes,,,,
ZTF24aayuqab,,,2024rky,305.861554,83.97631219,,https://ztf.fink-portal.org/ZTF24aayuqab,yes,,,,
ZTF25aavaxru,,,2025ocv,275.2350319,7.540290771,,https://ztf.fink-portal.org/ZTF25aavaxru,yes,,,,
ZTF25aappflz,,,2025kfl,278.5905324,7.0993105,,https://ztf.fink-portal.org/ZTF25aappflz,yes,,,,
ZTF25aaheozr,,,2025ctk,255.2478372,0.35867228,,https://ztf.fink-portal.org/ZTF25aaheozr,yes,no,"https://www.legacysurvey.org/viewer?ra=255.24783718&dec=0.35867228&layer=ls-dr10&photoz-dr9&zoom=16&mark=255.24783718,0.35867228",yes,https://ps1images.stsci.edu/cgi-bin/ps1cutouts?pos=255.24783718+0.35867228&filter=color&filetypes=stack&auxiliary=data&size=220&output_size=500&catlist=1&show_overlay=1&show_grid=1&show_ids=1
ZTF25aaggvwy,,,2025ckh,254.3537334,1.833780125,,https://ztf.fink-portal.org/ZTF25aaggvwy,yes,,,,
ZTF25aappljn,,,2025kej,273.7838512,41.3649197,,https://ztf.fink-portal.org/ZTF25aappljn,yes,,,,
ZTF25abcleic,,,2025rut,284.2174301,14.2864417,,https://ztf.fink-portal.org/ZTF25abcleic,yes,,,,
ZTF25aaizwoi,,,2025fma,310.3623925,63.14009341,,https://ztf.fink-portal.org/ZTF25aaizwoi,yes,,,,
ZTF25aayfazs,,,2025pgi,299.6955675,-19.63638743,,https://ztf.fink-portal.org/ZTF25aayfazs,yes,,,,
ZTF23aazvjqv,,,2023qxb,308.4427991,11.91870636,,https://ztf.fink-portal.org/ZTF23aazvjqv,yes,not_available,"https://www.legacysurvey.org/viewer?ra=308.4427991368421&dec=11.918706363157897&layer=ls-dr10&photoz-dr9&zoom=16&mark=308.4427991368421,11.918706363157897",yes,https://ps1images.stsci.edu/cgi-bin/ps1cutouts?pos=308.4427991368421+11.918706363157897&filter=color&filetypes=stack&auxiliary=data&size=220&output_size=500&catlist=1&show_overlay=1&show_grid=1&show_ids=1
ZTF23abamchj,,,2023rjq,336.2037252,48.17938685,,https://ztf.fink-portal.org/ZTF23abamchj,yes,,,,
ZTF23abnkxgm,,,2023wcj,20.03115471,56.56169674,,https://ztf.fink-portal.org/ZTF23abnkxgm,yes,,,,
ZTF25abccjhw,,,2025rwu,272.256367,-3.55261542,,https://ztf.fink-portal.org/ZTF25abccjhw,yes,,,,
ZTF24acahbyn,,,2016hmw,120.4583196,-11.5594583,,https://ztf.fink-portal.org/ZTF24acahbyn,yes,,,,
ZTF25aazizhm,,,2025rey,274.9910688,25.33778723,,https://ztf.fink-portal.org/ZTF25aazizhm,yes,,,,
ZTF25aaloljw,,,2025gyl,301.8547668,-1.820080729,,https://ztf.fink-portal.org/ZTF25aaloljw,yes,,,,
ZTF25aajjioo,,,2025fem,107.1215357,14.20626999,,https://ztf.fink-portal.org/ZTF25aajjioo,yes,not_available,"https://www.legacysurvey.org/viewer?ra=107.12153565&dec=14.20626999&layer=ls-dr10&photoz-dr9&zoom=16&mark=107.12153565,14.20626999",no,https://ps1images.stsci.edu/cgi-bin/ps1cutouts?pos=107.12153565+14.20626999&filter=color&filetypes=stack&auxiliary=data&size=220&output_size=500&catlist=1&show_overlay=1&show_grid=1&show_ids=1
ZTF25aanktst,,,2025hop,226.0082335,-27.8298653,,https://ztf.fink-portal.org/ZTF25aanktst,yes,,,,
ZTF25aahweqd,,,2025cvt,91.88615474,44.10335124,,https://ztf.fink-portal.org/ZTF25aahweqd,yes,not_available,"https://www.legacysurvey.org/viewer?ra=91.88615473809524&dec=44.10335124285715&layer=ls-dr10&photoz-dr9&zoom=16&mark=91.88615473809524,44.10335124285715",yes,https://ps1images.stsci.edu/cgi-bin/ps1cutouts?pos=91.88615473809524+44.10335124285715&filter=color&filetypes=stack&auxiliary=data&size=220&output_size=500&catlist=1&show_overlay=1&show_grid=1&show_ids=1
ZTF25aaxvfnf,,,2025psv,229.5781432,-26.26487197,,https://ztf.fink-portal.org/ZTF25aaxvfnf,yes,yes,"https://www.legacysurvey.org/viewer?ra=229.57814316666668&dec=-26.264871966666664&layer=ls-dr10&photoz-dr9&zoom=16&mark=229.57814316666668,-26.264871966666664",no,https://ps1images.stsci.edu/cgi-bin/ps1cutouts?pos=229.57814316666668+-26.264871966666664&filter=color&filetypes=stack&auxiliary=data&size=220&output_size=500&catlist=1&show_overlay=1&show_grid=1&show_ids=1
ZTF25aalphoj,,,2025gtd,126.218424,2.894366338,,https://ztf.fink-portal.org/ZTF25aalphoj,yes,,,,
ZTF25aaqybbx,,,2025kyz,257.6383032,7.688834289,,https://ztf.fink-portal.org/ZTF25aaqybbx,yes,,,,
ZTF25aawurjs,,,2025oss,268.8260137,12.16709784,,https://ztf.fink-portal.org/ZTF25aawurjs,yes,,,,
ZTF23aboelln,,,2023xvv,329.1096162,37.90929551,,https://ztf.fink-portal.org/ZTF23aboelln,yes,not_available,"https://www.legacysurvey.org/viewer?ra=329.1096162000001&dec=37.909295506666666&layer=ls-dr10&photoz-dr9&zoom=16&mark=329.1096162000001,37.909295506666666",yes,https://ps1images.stsci.edu/cgi-bin/ps1cutouts?pos=329.1096162000001+37.909295506666666&filter=color&filetypes=stack&auxiliary=data&size=220&output_size=500&catlist=1&show_overlay=1&show_grid=1&show_ids=1
ZTF23abatvfd,,,2023rmn,304.0705073,-17.39782044,,https://ztf.fink-portal.org/ZTF23abatvfd,yes,,,,
ZTF23aawzkue,,,2023pfd,358.4350357,51.75887871,,https://ztf.fink-portal.org/ZTF23aawzkue,yes,,,,
ZTF23abrajyk,,,2023xum,59.26249408,35.99394392,,https://ztf.fink-portal.org/ZTF23abrajyk,yes,,,,
ZTF24aadkgen,,,2024biw,111.0946517,-2.032754325,,https://ztf.fink-portal.org/ZTF24aadkgen,yes,,,,
ZTF23abvverq,,,2023acfn,163.3235626,-14.70745303,,https://ztf.fink-portal.org/ZTF23abvverq,yes,,,,
ZTF23abnoapt,,,2023wue,102.9191996,48.0780165,,https://ztf.fink-portal.org/ZTF23abnoapt,yes,no,"https://www.legacysurvey.org/viewer?ra=102.91919962857143&dec=48.07801650476191&layer=ls-dr10&photoz-dr9&zoom=16&mark=102.91919962857143,48.07801650476191",yes,https://ps1images.stsci.edu/cgi-bin/ps1cutouts?pos=102.91919962857143+48.07801650476191&filter=color&filetypes=stack&auxiliary=data&size=220&output_size=500&catlist=1&show_overlay=1&show_grid=1&show_ids=1
ZTF24abccvkc,,,2024slw,309.2382579,83.38991447,,https://ztf.fink-portal.org/ZTF24abccvkc,yes,,,,
ZTF24aaqzmba,,,2024kxu,271.592699,18.09267011,,https://ztf.fink-portal.org/ZTF24aaqzmba,yes,,,,
ZTF24abuprea,,,2024acye,96.4561348,73.76675197,,https://ztf.fink-portal.org/ZTF24abuprea,yes,,,,
ZTF24aawruhq,,,2024pxy,227.8647102,13.89324082,,https://ztf.fink-portal.org/ZTF24aawruhq,yes,,,,
ZTF24aasjsjs,,,2024lxc,300.6712233,-13.03687159,,https://ztf.fink-portal.org/ZTF24aasjsjs,yes,,,,
ZTF23abiuvhk,,,2023ujq,296.2944376,-6.546194263,,https://ztf.fink-portal.org/ZTF23abiuvhk,yes,,,,
ZTF24abhfjtn,,,2024vhz,321.8741763,60.61788389,,https://ztf.fink-portal.org/ZTF24abhfjtn,yes,,,,
ZTF24aawdrkg,,,2024pns,11.14788055,41.16080225,,https://ztf.fink-portal.org/ZTF24aawdrkg,yes,,,,
ZTF23abqeyxk,,,2023xpq,125.3873207,-15.41382073,,https://ztf.fink-portal.org/ZTF23abqeyxk,yes,,,,
ZTF23abhipsi,,,2023tvm,338.60868,48.97161533,,https://ztf.fink-portal.org/ZTF23abhipsi,yes,,,,
ZTF23abncubg,,,2023xby,300.1106439,-15.26742441,,https://ztf.fink-portal.org/ZTF23abncubg,yes,,,,
ZTF23abgcnmt,,,2023tir,2.089760643,72.98120753,,https://ztf.fink-portal.org/ZTF23abgcnmt,yes,,,,
ZTF23abljvny,,,2023vsz,95.97908663,-19.64706826,,https://ztf.fink-portal.org/ZTF23abljvny,yes,,,,
ZTF23abscrol,,,2023aaiu,19.09496011,81.60823466,,https://ztf.fink-portal.org/ZTF23abscrol,yes,,,,
ZTF23abaqakp,,,2023rdh,281.8621847,65.55623365,,https://ztf.fink-portal.org/ZTF23abaqakp,yes,,,,
ZTF23abmstux,,,2023vpy,266.3409568,17.60139664,,https://ztf.fink-portal.org/ZTF23abmstux,yes,,,,
ZTF24aadvfvd,,,2024bgm,86.01111685,61.96982683,,https://ztf.fink-portal.org/ZTF24aadvfvd,yes,,,,
ZTF25abkxmfm,,,,275.5805705,23.41212324,,https://ztf.fink-portal.org/ZTF25abkxmfm,yes,,,,
ZTF25abmrckr,,,,292.0958972,-4.912127711,,https://ztf.fink-portal.org/ZTF25abmrckr,yes,,,,
ZTF23abaunhu,,,,287.2688869,-3.273334775,,https://ztf.fink-portal.org/ZTF23abaunhu,yes,,,,
ZTF25abanoqz,,,,251.5352186,-18.57849323,,https://ztf.fink-portal.org/ZTF25abanoqz,yes,,,,
ZTF25accuxle,,,,288.2757973,25.65736327,,https://ztf.fink-portal.org/ZTF25accuxle,yes,,,,
ZTF25acgqqnr,,,,111.2481905,5.004877189,,https://ztf.fink-portal.org/ZTF25acgqqnr,yes,not_available,"https://www.legacysurvey.org/viewer?ra=111.24819047777775&dec=5.004877188888889&layer=ls-dr10&photoz-dr9&zoom=16&mark=111.24819047777775,5.004877188888889",yes,https://ps1images.stsci.edu/cgi-bin/ps1cutouts?pos=111.24819047777775+5.004877188888889&filter=color&filetypes=stack&auxiliary=data&size=220&output_size=500&catlist=1&show_overlay=1&show_grid=1&show_ids=1
ZTF25abxebsb,,,,123.0411676,-19.09952003,,https://ztf.fink-portal.org/ZTF25abxebsb,yes,,,,
ZTF24aaunwuk,,,,289.2635053,-16.51606406,,https://ztf.fink-portal.org/ZTF24aaunwuk,yes,,,,
ZTF25acegdna,,,,96.62799155,-0.206655325,,https://ztf.fink-portal.org/ZTF25acegdna,yes,,,,
ZTF24abvnhrd,,,,134.9482914,-15.6330768,,https://ztf.fink-portal.org/ZTF24abvnhrd,yes,,,,
ZTF25aceilsd,,,,340.2643568,38.96720302,,https://ztf.fink-portal.org/ZTF25aceilsd,yes,,,,
ZTF25abbxvbc,,,,304.3035114,11.9496952,,https://ztf.fink-portal.org/ZTF25abbxvbc,yes,,,,
ZTF25abmniua,,,,34.87196232,78.78075545,,https://ztf.fink-portal.org/ZTF25abmniua,yes,not_available,"https://www.legacysurvey.org/viewer?ra=34.87196231666667&dec=78.78075545&layer=ls-dr10&photoz-dr9&zoom=16&mark=34.87196231666667,78.78075545",yes,https://ps1images.stsci.edu/cgi-bin/ps1cutouts?pos=34.87196231666667+78.78075545&filter=color&filetypes=stack&auxiliary=data&size=220&output_size=500&catlist=1&show_overlay=1&show_grid=1&show_ids=1
ZTF25accxmzd,,,,95.04280657,-2.262726971,,https://ztf.fink-portal.org/ZTF25accxmzd,yes,,,,
ZTF25abylsxg,,,,254.3255612,71.83313753,,https://ztf.fink-portal.org/ZTF25abylsxg,yes,,,,
ZTF25abebgqw,,,,299.1299239,11.62608656,,https://ztf.fink-portal.org/ZTF25abebgqw,yes,,,,
ZTF25aavvzbx,,,,320.3561989,23.64552028,,https://ztf.fink-portal.org/ZTF25aavvzbx,yes,,,,
ZTF25abawvzf,,,,314.5535354,29.91940786,,https://ztf.fink-portal.org/ZTF25abawvzf,yes,,,,
ZTF25abxjjiu,,,,85.71102045,41.80576979,,https://ztf.fink-portal.org/ZTF25abxjjiu,yes,,,,
ZTF25abxrwld,,,,290.7368118,39.59674051,,https://ztf.fink-portal.org/ZTF25abxrwld,yes,,,,
ZTF24abbjtrd,,,,337.7241295,48.71688358,,https://ztf.fink-portal.org/ZTF24abbjtrd,yes,,,,
ZTF25abqwhji,,,,17.29252338,61.25208705,,https://ztf.fink-portal.org/ZTF25abqwhji,,,,,
ZTF25aacaguh,,,,114.4859822,-12.63897877,,https://ztf.fink-portal.org/ZTF25aacaguh,,,,,
ZTF24aasngtn,,,,53.92751225,50.42929223,,https://ztf.fink-portal.org/ZTF24aasngtn,,,,,
ZTF24aabugqc,,,,120.3073852,-23.87429066,,https://ztf.fink-portal.org/ZTF24aabugqc,,,,,
ZTF24aashgpk,,,,348.9364717,59.49524291,,https://ztf.fink-portal.org/ZTF24aashgpk,,,,,
ZTF25aaozfqa,,,,262.905935,-27.04002342,,https://ztf.fink-portal.org/ZTF25aaozfqa,,,,,
ZTF25aafpxbo,,,,26.85406618,62.24328311,,https://ztf.fink-portal.org/ZTF25aafpxbo,,,,,
ZTF24aadosgv,,,,95.42054275,4.764511675,,https://ztf.fink-portal.org/ZTF24aadosgv,,not_available,"https://www.legacysurvey.org/viewer?ra=95.42054275&dec=4.764511675&layer=ls-dr10&photoz-dr9&zoom=16&mark=95.42054275,4.764511675",yes,https://ps1images.stsci.edu/cgi-bin/ps1cutouts?pos=95.42054275+4.764511675&filter=color&filetypes=stack&auxiliary=data&size=220&output_size=500&catlist=1&show_overlay=1&show_grid=1&show_ids=1
ZTF25abhqzar,,,,90.10837413,21.56899427,,https://ztf.fink-portal.org/ZTF25abhqzar,,,,,
ZTF24aboxrnx,,,,33.86880028,57.87958485,,https://ztf.fink-portal.org/ZTF24aboxrnx,,not_available,"https://www.legacysurvey.org/viewer?ra=33.868800275&dec=57.87958485&layer=ls-dr10&photoz-dr9&zoom=16&mark=33.868800275,57.87958485",yes,https://ps1images.stsci.edu/cgi-bin/ps1cutouts?pos=33.868800275+57.87958485&filter=color&filetypes=stack&auxiliary=data&size=220&output_size=500&catlist=1&show_overlay=1&show_grid=1&show_ids=1
ZTF25abfngcl,,,,89.44001153,30.20859703,,https://ztf.fink-portal.org/ZTF25abfngcl,,,,,
ZTF24aafatvf,,,2024cxy,221.0638144,-20.33701375,stellar,https://ztf.fink-portal.org/ZTF24aafatvf,,yes,"https://www.legacysurvey.org/viewer?ra=221.0638144208333&dec=-20.337013754166662&layer=ls-dr10&photoz-dr9&zoom=16&mark=221.0638144208333,-20.337013754166662",yes,https://ps1images.stsci.edu/cgi-bin/ps1cutouts?pos=221.0638144208333+-20.337013754166662&filter=color&filetypes=stack&auxiliary=data&size=220&output_size=500&catlist=1&show_overlay=1&show_grid=1&show_ids=1
ZTF24aaxseec,,,2024rkn,257.6270226,55.37388839,,https://ztf.fink-portal.org/ZTF24aaxseec,,no,"https://www.legacysurvey.org/viewer?ra=257.627022632&dec=55.373888392&layer=ls-dr10&photoz-dr9&zoom=16&mark=257.627022632,55.373888392",no,https://ps1images.stsci.edu/cgi-bin/ps1cutouts?pos=257.627022632+55.373888392&filter=color&filetypes=stack&auxiliary=data&size=220&output_size=500&catlist=1&show_overlay=1&show_grid=1&show_ids=1
ZTF24aartoqh,,,2024lhp,232.0177174,4.987651525,,https://ztf.fink-portal.org/ZTF24aartoqh,,,,,
ZTF24aargamg,,,2024kxo,215.4239598,15.82157101,,https://ztf.fink-portal.org/ZTF24aargamg,,,,,
ZTF24aawxqtz,,,2024qnx,235.9003555,1.360718762,,https://ztf.fink-portal.org/ZTF24aawxqtz,,,,,
ZTF24abdnunm,,,2024uhr,32.56016302,27.14866861,,https://ztf.fink-portal.org/ZTF24abdnunm,,,,,
ZTF24aanrbmb,,,2024jbf,250.6262255,-6.89397056,,https://ztf.fink-portal.org/ZTF24aanrbmb,,,,,
ZTF24aajxsgx,,,2024gsi,357.1168645,35.60383523,,https://ztf.fink-portal.org/ZTF24aajxsgx,,,,,
ZTF24aagqkya,,,2024eez,144.181263,8.37006812,,https://ztf.fink-portal.org/ZTF24aagqkya,,,,,
ZTF24abcitfj,,,2024spg,237.8585181,19.60006588,,https://ztf.fink-portal.org/ZTF24abcitfj,,,,,
ZTF24abtaozt,,,2024abnc,0.2640181,46.88228082,,https://ztf.fink-portal.org/ZTF24abtaozt,,,,,
ZTF24aaejuzc,,,2024dju,185.0554856,14.42829891,,https://ztf.fink-portal.org/ZTF24aaejuzc,,no,"https://www.legacysurvey.org/viewer?ra=185.05548561428571&dec=14.428298914285714&layer=ls-dr10&photoz-dr9&zoom=16&mark=185.05548561428571,14.428298914285714",yes,https://ps1images.stsci.edu/cgi-bin/ps1cutouts?pos=185.05548561428571+14.428298914285714&filter=color&filetypes=stack&auxiliary=data&size=220&output_size=500&catlist=1&show_overlay=1&show_grid=1&show_ids=1
ZTF24abdolll,,,2024udw,60.29677747,20.74185045,,https://ztf.fink-portal.org/ZTF24abdolll,,not_available,"https://www.legacysurvey.org/viewer?ra=60.296777473333336&dec=20.741850453333335&layer=ls-dr10&photoz-dr9&zoom=16&mark=60.296777473333336,20.741850453333335",no,https://ps1images.stsci.edu/cgi-bin/ps1cutouts?pos=60.296777473333336+20.741850453333335&filter=color&filetypes=stack&auxiliary=data&size=220&output_size=500&catlist=1&show_overlay=1&show_grid=1&show_ids=1
ZTF24aahatfg,,,2024efa,142.8956648,-12.85672126,,https://ztf.fink-portal.org/ZTF24aahatfg,,no,"https://www.legacysurvey.org/viewer?ra=142.8956647666667&dec=-12.85672126&layer=ls-dr10&photoz-dr9&zoom=16&mark=142.8956647666667,-12.85672126",yes,https://ps1images.stsci.edu/cgi-bin/ps1cutouts?pos=142.8956647666667+-12.85672126&filter=color&filetypes=stack&auxiliary=data&size=220&output_size=500&catlist=1&show_overlay=1&show_grid=1&show_ids=1
ZTF24aaumgrp,,,2024pbs,239.3043637,22.74598719,,https://ztf.fink-portal.org/ZTF24aaumgrp,,,,,
ZTF24aaxoguq,,,2024qkx,229.6654646,3.356893506,,https://ztf.fink-portal.org/ZTF24aaxoguq,,,,,
ZTF24abcpmkk,,,2024sou,29.58029335,81.07035039,,https://ztf.fink-portal.org/ZTF24abcpmkk,,,,,
ZTF24aagblmg,,,2024dhu,168.0747947,4.08476486,,https://ztf.fink-portal.org/ZTF24aagblmg,,,,,
ZTF24aaxusdr,,,2024qwr,28.80782027,53.43390475,,https://ztf.fink-portal.org/ZTF24aaxusdr,,,,,
ZTF24aalbjyy,,,2024hkm,192.7208448,69.4408968,,https://ztf.fink-portal.org/ZTF24aalbjyy,,,,,
ZTF24aaxjkov,,,2024qpq,91.00342388,46.76394303,,https://ztf.fink-portal.org/ZTF24aaxjkov,,not_available,"https://www.legacysurvey.org/viewer?ra=91.00342388&dec=46.76394303&layer=ls-dr10&photoz-dr9&zoom=16&mark=91.00342388,46.76394303",yes,https://ps1images.stsci.edu/cgi-bin/ps1cutouts?pos=91.00342388+46.76394303&filter=color&filetypes=stack&auxiliary=data&size=220&output_size=500&catlist=1&show_overlay=1&show_grid=1&show_ids=1
ZTF24aalblfd,,,2024hkl,182.0569061,-0.8807166,,https://ztf.fink-portal.org/ZTF24aalblfd,,,,,
ZTF24abbybtj,,,2024sut,62.09310667,-0.1672084533,,https://ztf.fink-portal.org/ZTF24abbybtj,,,,,
ZTF24abwmhtc,,,2024adpn,351.7398799,39.82656742,,https://ztf.fink-portal.org/ZTF24abwmhtc,,not_available,"https://www.legacysurvey.org/viewer?ra=351.7398798928571&dec=39.82656742142857&layer=ls-dr10&photoz-dr9&zoom=16&mark=351.7398798928571,39.82656742142857",yes,https://ps1images.stsci.edu/cgi-bin/ps1cutouts?pos=351.7398798928571+39.82656742142857&filter=color&filetypes=stack&auxiliary=data&size=220&output_size=500&catlist=1&show_overlay=1&show_grid=1&show_ids=1
ZTF24aahjkim,,,2024elq,160.6639881,9.106197425,,https://ztf.fink-portal.org/ZTF24aahjkim,,yes,"https://www.legacysurvey.org/viewer?ra=160.6639880875&dec=9.106197425&layer=ls-dr10&photoz-dr9&zoom=16&mark=160.6639880875,9.106197425",yes,https://ps1images.stsci.edu/cgi-bin/ps1cutouts?pos=160.6639880875+9.106197425&filter=color&filetypes=stack&auxiliary=data&size=220&output_size=500&catlist=1&show_overlay=1&show_grid=1&show_ids=1
ZTF24aboheoh,,,2024zab,359.3011627,-18.23847992,,https://ztf.fink-portal.org/ZTF24aboheoh,,,,,
ZTF24abprqav,,,2024aagc,7.70752424,38.66855184,,https://ztf.fink-portal.org/ZTF24abprqav,,not_available,"https://www.legacysurvey.org/viewer?ra=7.707524240000001&dec=38.66855184&layer=ls-dr10&photoz-dr9&zoom=16&mark=7.707524240000001,38.66855184",yes,https://ps1images.stsci.edu/cgi-bin/ps1cutouts?pos=7.707524240000001+38.66855184&filter=color&filetypes=stack&auxiliary=data&size=220&output_size=500&catlist=1&show_overlay=1&show_grid=1&show_ids=1
ZTF24abezynm,,,2024vcd,125.4002448,20.22060977,,https://ztf.fink-portal.org/ZTF24abezynm,,,,,
ZTF24aandgxw,,,2024jci,346.9574277,3.037319422,,https://ztf.fink-portal.org/ZTF24aandgxw,,,,,
ZTF24abtcxfm,,,2024abnw,86.89845785,7.673831477,,https://ztf.fink-portal.org/ZTF24abtcxfm,,,,,
ZTF24aajxobf,,,2024gtg,220.2319002,55.29725936,,https://ztf.fink-portal.org/ZTF24aajxobf,,,,,
ZTF24abyhrpc,,,2024aeog,339.9428852,-16.15649538,,https://ztf.fink-portal.org/ZTF24abyhrpc,,,,,
ZTF24abizbkp,,,2024wdl,65.9001301,4.3784924,,https://ztf.fink-portal.org/ZTF24abizbkp,,no,"https://www.legacysurvey.org/viewer?ra=65.9001301&dec=4.3784924&layer=ls-dr10&photoz-dr9&zoom=16&mark=65.9001301,4.3784924",no,https://ps1images.stsci.edu/cgi-bin/ps1cutouts?pos=65.9001301+4.3784924&filter=color&filetypes=stack&auxiliary=data&size=220&output_size=500&catlist=1&show_overlay=1&show_grid=1&show_ids=1
ZTF24aajgyxa,,,2024gri,187.3234303,54.04084752,,https://ztf.fink-portal.org/ZTF24aajgyxa,,,,,
ZTF24abrlecu,,,2024acet,27.40823258,-20.55673089,,https://ztf.fink-portal.org/ZTF24abrlecu,,,,,
ZTF24aaiuemn,,,2024fzq,260.3979954,40.1221319,,https://ztf.fink-portal.org/ZTF24aaiuemn,,yes,"https://www.legacysurvey.org/viewer?ra=260.39799543333334&dec=40.12213190000001&layer=ls-dr10&photoz-dr9&zoom=16&mark=260.39799543333334,40.12213190000001",no,https://ps1images.stsci.edu/cgi-bin/ps1cutouts?pos=260.39799543333334+40.12213190000001&filter=color&filetypes=stack&auxiliary=data&size=220&output_size=500&catlist=1&show_overlay=1&show_grid=1&show_ids=1
ZTF24abmxmyb,,,2024zag,41.50629696,41.23838074,,https://ztf.fink-portal.org/ZTF24abmxmyb,,,,,
ZTF24aaxpgwg,,,2024qpl,248.2165044,29.50861939,,https://ztf.fink-portal.org/ZTF24aaxpgwg,,,,,
ZTF24aahhkfu,,,2024eog,169.4101118,16.03798725,,https://ztf.fink-portal.org/ZTF24aahhkfu,,,,,
ZTF24aahxzdl,,,2024fmi,171.547549,77.35019241,,https://ztf.fink-portal.org/ZTF24aahxzdl,,no,"https://www.legacysurvey.org/viewer?ra=171.54754897142857&dec=77.35019241428573&layer=ls-dr10&photoz-dr9&zoom=16&mark=171.54754897142857,77.35019241428573",yes,https://ps1images.stsci.edu/cgi-bin/ps1cutouts?pos=171.54754897142857+77.35019241428573&filter=color&filetypes=stack&auxiliary=data&size=220&output_size=500&catlist=1&show_overlay=1&show_grid=1&show_ids=1
ZTF24aaiosse,,,2024fzz,248.7322839,50.42489276,,https://ztf.fink-portal.org/ZTF24aaiosse,,,,,
ZTF24aauobib,,,2024peu,293.7710189,53.7275532,,https://ztf.fink-portal.org/ZTF24aauobib,,,,,
ZTF24aahgkub,,,2024fjc,186.6457541,72.62066829,,https://ztf.fink-portal.org/ZTF24aahgkub,,,,,
ZTF24aarwigk,,,2024lsk,203.2007428,-2.388404725,,https://ztf.fink-portal.org/ZTF24aarwigk,,,,,
ZTF24aaspdpq,,,2024lxy,224.4533433,17.55687456,,https://ztf.fink-portal.org/ZTF24aaspdpq,,,,,
ZTF24abzkrvr,,,2024aepr,165.0315236,15.749096,,https://ztf.fink-portal.org/ZTF24abzkrvr,,yes,"https://www.legacysurvey.org/viewer?ra=165.031523625&dec=15.749096&layer=ls-dr10&photoz-dr9&zoom=16&mark=165.031523625,15.749096",yes,https://ps1images.stsci.edu/cgi-bin/ps1cutouts?pos=165.031523625+15.749096&filter=color&filetypes=stack&auxiliary=data&size=220&output_size=500&catlist=1&show_overlay=1&show_grid=1&show_ids=1
ZTF24abkdugf,,,2024wyr,153.4923802,7.005306929,,https://ztf.fink-portal.org/ZTF24abkdugf,,,,,
ZTF24abqwrpk,,,2024aami,146.4892004,77.42979648,,https://ztf.fink-portal.org/ZTF24abqwrpk,,,,,
ZTF24aajjcnd,,,2024hph,315.8824354,9.62460892,,https://ztf.fink-portal.org/ZTF24aajjcnd,,,,,
ZTF24abrople,,,2024aasz,155.5028932,65.33604979,,https://ztf.fink-portal.org/ZTF24abrople,,,,,
ZTF24abgtwuu,,,2024vbw,75.16929212,-4.955693631,,https://ztf.fink-portal.org/ZTF24abgtwuu,,,,,
ZTF24aahiasq,,,2024fes,247.6090141,70.77243073,,https://ztf.fink-portal.org/ZTF24aahiasq,,,,,
ZTF24abnpslr,,,2024ywi,341.5326924,22.07728514,,https://ztf.fink-portal.org/ZTF24abnpslr,,,,,
ZTF25acehanz,,,2025afap,1.708128708,-8.362054942,,https://ztf.fink-portal.org/ZTF25acehanz,,,,,
ZTF25abmhsuy,,,2025vqf,285.5251047,61.38830449,,https://ztf.fink-portal.org/ZTF25abmhsuy,,,,,
ZTF25achcijr,,,2025agnm,153.177264,15.06906308,,https://ztf.fink-portal.org/ZTF25achcijr,,,,,
ZTF25aceevwg,,,2025adln,168.0373599,30.42659736,,https://ztf.fink-portal.org/ZTF25aceevwg,,no,"https://www.legacysurvey.org/viewer?ra=168.03735987777776&dec=30.42659735555556&layer=ls-dr10&photoz-dr9&zoom=16&mark=168.03735987777776,30.42659735555556",yes,https://ps1images.stsci.edu/cgi-bin/ps1cutouts?pos=168.03735987777776+30.42659735555556&filter=color&filetypes=stack&auxiliary=data&size=220&output_size=500&catlist=1&show_overlay=1&show_grid=1&show_ids=1
ZTF25aciwalp,,,2025ahkf,189.9712745,3.33386325,,https://ztf.fink-portal.org/ZTF25aciwalp,,,,,
ZTF25ablgfen,,,2025vic,62.0758105,-6.497023471,,https://ztf.fink-portal.org/ZTF25ablgfen,,,,,
ZTF25abxcpfd,,,2025aags,152.297682,-0.9305338143,,https://ztf.fink-portal.org/ZTF25abxcpfd,,,,,
ZTF25acgfmdw,,,2025afye,194.544108,-13.29384779,,https://ztf.fink-portal.org/ZTF25acgfmdw,,,,,
ZTF25abozbew,,,2025ypb,119.5220982,71.38569491,,https://ztf.fink-portal.org/ZTF25abozbew,,,,,
ZTF25abqicqz,,,2025xjq,248.2475687,36.22834608,,https://ztf.fink-portal.org/ZTF25abqicqz,,,,,
ZTF25abkepib,,,2025vbb,263.0370208,39.92507943,,https://ztf.fink-portal.org/ZTF25abkepib,,,,,
ZTF25abxofvp,,,2025aayk,16.68767115,28.29012088,,https://ztf.fink-portal.org/ZTF25abxofvp,,,,,
ZTF25acffqol,,,2025agny,171.9628497,20.20434285,,https://ztf.fink-portal.org/ZTF25acffqol,,,,,
ZTF25aceprml,,,2025aeur,135.8338256,7.333067533,,https://ztf.fink-portal.org/ZTF25aceprml,,,,,
ZTF25abwmbbo,,,2025abgm,154.9150695,-8.806353624,,https://ztf.fink-portal.org/ZTF25abwmbbo,,,,,
ZTF25abxbsas,,,2025aauc,136.3157744,23.18221726,,https://ztf.fink-portal.org/ZTF25abxbsas,,,,,
ZTF25abjcpev,,,2025uib,28.35664921,-0.5894209333,,https://ztf.fink-portal.org/ZTF25abjcpev,,,,,
ZTF25acfxvix,,,2025afyx,327.888241,22.05158527,,https://ztf.fink-portal.org/ZTF25acfxvix,,,,,
ZTF25abmwwga,,,2025wgb,62.76569767,21.06392745,,https://ztf.fink-portal.org/ZTF25abmwwga,,,,,
ZTF25abwjiet,,,2025aadu,9.414411133,27.77224405,,https://ztf.fink-portal.org/ZTF25abwjiet,,,,,
ZTF25acgtdgz,,,2025ahbb,207.4375923,8.1567125,,https://ztf.fink-portal.org/ZTF25acgtdgz,,,,,
ZTF25acbxzlm,,,2025aesj,191.0318822,4.887026658,,https://ztf.fink-portal.org/ZTF25acbxzlm,,,,,
ZTF25acasvaf,,,2025abwf,94.68211278,71.02561943,,https://ztf.fink-portal.org/ZTF25acasvaf,,,,,
ZTF25acghoni,,,2025aglz,352.3949261,-2.817938683,,https://ztf.fink-portal.org/ZTF25acghoni,,,,,
ZTF25abpxpkq,,,2025xrr,351.7102865,21.86317745,,https://ztf.fink-portal.org/ZTF25abpxpkq,,,,,
ZTF25acgpqut,,,2025aglv,112.8983013,33.97224592,,https://ztf.fink-portal.org/ZTF25acgpqut,,,,,
ZTF25abmtkav,,,2025weh,345.4325465,5.369904019,,https://ztf.fink-portal.org/ZTF25abmtkav,,,,,
ZTF25abizefk,,,2025ulo,334.6617559,2.03153455,,https://ztf.fink-portal.org/ZTF25abizefk,,,,,
ZTF25abwoggs,,,2025aaen,332.6621976,16.2395582,,https://ztf.fink-portal.org/ZTF25abwoggs,,yes,"https://www.legacysurvey.org/viewer?ra=332.6621976388889&dec=16.239558199999998&layer=ls-dr10&photoz-dr9&zoom=16&mark=332.6621976388889,16.239558199999998",yes,https://ps1images.stsci.edu/cgi-bin/ps1cutouts?pos=332.6621976388889+16.239558199999998&filter=color&filetypes=stack&auxiliary=data&size=220&output_size=500&catlist=1&show_overlay=1&show_grid=1&show_ids=1
ZTF25abqnjhz,,,2025xki,14.70908102,12.95409444,,https://ztf.fink-portal.org/ZTF25abqnjhz,,,,,
ZTF25abtjmbl,,,2025ykn,95.08365496,-17.58458745,,https://ztf.fink-portal.org/ZTF25abtjmbl,,not_available,"https://www.legacysurvey.org/viewer?ra=95.08365496428571&dec=-17.584587449999997&layer=ls-dr10&photoz-dr9&zoom=16&mark=95.08365496428571,-17.584587449999997",yes,https://ps1images.stsci.edu/cgi-bin/ps1cutouts?pos=95.08365496428571+-17.584587449999997&filter=color&filetypes=stack&auxiliary=data&size=220&output_size=500&catlist=1&show_overlay=1&show_grid=1&show_ids=1
ZTF25abxbvxx,,,2025wak,86.55330811,-26.7695927,,https://ztf.fink-portal.org/ZTF25abxbvxx,,,,,
ZTF25acgrcbv,,,2025agjk,133.8792803,-0.9388982,,https://ztf.fink-portal.org/ZTF25acgrcbv,,,,,
ZTF25acelmel,,,2025aecw,172.4604837,67.67271615,,https://ztf.fink-portal.org/ZTF25acelmel,,,,,
ZTF25acelygp,,,2025aeto,182.9061039,42.6026801,,https://ztf.fink-portal.org/ZTF25acelygp,,,,,
ZTF25acibuse,,,2025ahde,170.3948175,6.634226383,,https://ztf.fink-portal.org/ZTF25acibuse,,,,,
ZTF25achngbc,,,2025ahbs,39.35772663,-5.158178727,,https://ztf.fink-portal.org/ZTF25achngbc,,,,,
ZTF25abuwibg,,,2025zpy,58.21572264,-21.41595928,,https://ztf.fink-portal.org/ZTF25abuwibg,,,,,
ZTF25aceglwk,,,2025aerc,173.1848352,52.25417428,,https://ztf.fink-portal.org/ZTF25aceglwk,,,,,
ZTF25acfybbs,,,2025afwc,347.2355543,21.64063356,,https://ztf.fink-portal.org/ZTF25acfybbs,,,,,
ZTF25acihgad,,,2025ahqs,92.8429118,66.97090145,,https://ztf.fink-portal.org/ZTF25acihgad,,,,,
ZTF25acgzvbs,,,2025agwr,152.2570132,5.81905335,,https://ztf.fink-portal.org/ZTF25acgzvbs,,,,,
ZTF25abtpmye,,,2025yxk,347.3793645,48.56843039,,https://ztf.fink-portal.org/ZTF25abtpmye,,,,,
ZTF25acgkldb,,,2025afzo,103.5068287,16.89168359,,https://ztf.fink-portal.org/ZTF25acgkldb,,,,,
ZTF25abrfapi,,,2025yac,269.566094,35.61279053,,https://ztf.fink-portal.org/ZTF25abrfapi,,,,,
ZTF25abztmum,,,2025abqh,136.6023706,42.87853792,,https://ztf.fink-portal.org/ZTF25abztmum,,no,"https://www.legacysurvey.org/viewer?ra=136.60237060666668&dec=42.87853792000001&layer=ls-dr10&photoz-dr9&zoom=16&mark=136.60237060666668,42.87853792000001",yes,https://ps1images.stsci.edu/cgi-bin/ps1cutouts?pos=136.60237060666668+42.87853792000001&filter=color&filetypes=stack&auxiliary=data&size=220&output_size=500&catlist=1&show_overlay=1&show_grid=1&show_ids=1
ZTF25acgxcsg,,,2025ahqn,50.05451986,-14.45074839,,https://ztf.fink-portal.org/ZTF25acgxcsg,,,,,
ZTF25abxvcqw,,,2025abgg,25.74448684,51.23373635,,https://ztf.fink-portal.org/ZTF25abxvcqw,,not_available,"https://www.legacysurvey.org/viewer?ra=25.74448683636364&dec=51.23373634545454&layer=ls-dr10&photoz-dr9&zoom=16&mark=25.74448683636364,51.23373634545454",yes,https://ps1images.stsci.edu/cgi-bin/ps1cutouts?pos=25.74448683636364+51.23373634545454&filter=color&filetypes=stack&auxiliary=data&size=220&output_size=500&catlist=1&show_overlay=1&show_grid=1&show_ids=1
ZTF25abjetyb,,,2025ucz,251.3980952,5.67571244,,https://ztf.fink-portal.org/ZTF25abjetyb,,,,,
ZTF25acjxeiq,,,2025aikr,130.1969923,37.03336106,,https://ztf.fink-portal.org/ZTF25acjxeiq,,,,,
ZTF25acgfmcl,,,2025afht,191.8080056,-20.3508892,,https://ztf.fink-portal.org/ZTF25acgfmcl,,,,,
ZTF25acfyurn,,,2025aghg,22.59283099,31.80721246,,https://ztf.fink-portal.org/ZTF25acfyurn,,,,,
ZTF25abmpnjy,,,2025xam,45.43285672,43.53663499,,https://ztf.fink-portal.org/ZTF25abmpnjy,,,,,
ZTF25abjlixw,,,2025ulu,20.52075173,-16.26223836,,https://ztf.fink-portal.org/ZTF25abjlixw,,,,,
ZTF25abvdqmt,,,2025zla,78.15358178,-27.36108978,,https://ztf.fink-portal.org/ZTF25abvdqmt,,,,,
ZTF25acaoexz,,,2025abvq,355.80734,18.83016021,,https://ztf.fink-portal.org/ZTF25acaoexz,,,,,
ZTF25abxqedo,,,2025abax,58.80021079,-19.35777483,,https://ztf.fink-portal.org/ZTF25abxqedo,,,,,
ZTF25acakolm,,,2025abuu,20.07954826,29.55138285,,https://ztf.fink-portal.org/ZTF25acakolm,,,,,
ZTF25abtaqbj,,,2025zgn,127.3459663,8.142292589,,https://ztf.fink-portal.org/ZTF25abtaqbj,,,,,
ZTF25acagttt,,,2025abud,183.0520278,57.52288241,,https://ztf.fink-portal.org/ZTF25acagttt,,,,,
ZTF25abthxrm,,,2025yvz,41.05498106,17.7249567,,https://ztf.fink-portal.org/ZTF25abthxrm,,,,,
ZTF25acdgvav,,,2025acsx,82.81159855,-21.94915127,,https://ztf.fink-portal.org/ZTF25acdgvav,,,,,
ZTF25acemsej,,,2025adss,11.27119153,41.10933287,,https://ztf.fink-portal.org/ZTF25acemsej,,,,,
ZTF25abthhzy,,,2025yqr,37.0194354,76.93868512,,https://ztf.fink-portal.org/ZTF25abthhzy,,not_available,"https://www.legacysurvey.org/viewer?ra=37.019435400000006&dec=76.93868511999999&layer=ls-dr10&photoz-dr9&zoom=16&mark=37.019435400000006,76.93868511999999",no,https://ps1images.stsci.edu/cgi-bin/ps1cutouts?pos=37.019435400000006+76.93868511999999&filter=color&filetypes=stack&auxiliary=data&size=220&output_size=500&catlist=1&show_overlay=1&show_grid=1&show_ids=1
ZTF25achcrev,,,2025ahhr,193.4002153,66.48974903,,https://ztf.fink-portal.org/ZTF25achcrev,,,,,
ZTF25abxcdgx,,,2025acee,169.0927879,75.95740972,,https://ztf.fink-portal.org/ZTF25abxcdgx,,,,,
ZTF25acegglx,,,2025aecz,88.66869528,72.83567445,,https://ztf.fink-portal.org/ZTF25acegglx,,,,,
ZTF25acehskf,,,2025advl,43.21408558,15.2403776,,https://ztf.fink-portal.org/ZTF25acehskf,,,,,
ZTF25abvqhna,,,2025zrd,134.1544962,56.70299999,,https://ztf.fink-portal.org/ZTF25abvqhna,,,,,
ZTF24abugpzu,,,2024acqp,141.1964432,19.38248034,,https://ztf.fink-portal.org/ZTF24abugpzu,,,,,
ZTF24aalngmf,,,2024emh,11.20493063,41.79116153,,https://ztf.fink-portal.org/ZTF24aalngmf,,,,,
ZTF24aagolqg,,,2024dni,254.8808733,41.70421389,,https://ztf.fink-portal.org/ZTF24aagolqg,,,,,
ZTF24ablgtah,,,2024xox,318.9020157,22.74530708,,https://ztf.fink-portal.org/ZTF24ablgtah,,not_available,"https://www.legacysurvey.org/viewer?ra=318.9020157&dec=22.745307083333337&layer=ls-dr10&photoz-dr9&zoom=16&mark=318.9020157,22.745307083333337",yes,https://ps1images.stsci.edu/cgi-bin/ps1cutouts?pos=318.9020157+22.745307083333337&filter=color&filetypes=stack&auxiliary=data&size=220&output_size=500&catlist=1&show_overlay=1&show_grid=1&show_ids=1
ZTF24aakpvnd,,,2024gyy,344.6389915,10.72394813,,https://ztf.fink-portal.org/ZTF24aakpvnd,,,,,
ZTF24aaefymy,,,2024clh,26.15007693,38.19377076,,https://ztf.fink-portal.org/ZTF24aaefymy,,,,,
ZTF24abstpyc,,,2024abnq,350.4739672,41.38154726,,https://ztf.fink-portal.org/ZTF24abstpyc,,,,,
ZTF24abteblh,,,2024absb,311.8351383,1.022146655,,https://ztf.fink-portal.org/ZTF24abteblh,,,,,
ZTF24aaoihda,,,2024jbn,253.6541976,5.418149336,,https://ztf.fink-portal.org/ZTF24aaoihda,,,,,
ZTF24aalngme,,,2024hvc,10.84165539,41.54607672,,https://ztf.fink-portal.org/ZTF24aalngme,,,,,
ZTF24ablzrea,,,2024xxb,164.0936916,6.996006263,stellar,https://ztf.fink-portal.org/ZTF24ablzrea,,,,,
ZTF24abalacb,,,2024sba,36.42853623,22.17317547,,https://ztf.fink-portal.org/ZTF24abalacb,,yes,"https://www.legacysurvey.org/viewer?ra=36.428536230769225&dec=22.173175469230767&layer=ls-dr10&photoz-dr9&zoom=16&mark=36.428536230769225,22.173175469230767",yes,https://ps1images.stsci.edu/cgi-bin/ps1cutouts?pos=36.428536230769225+22.173175469230767&filter=color&filetypes=stack&auxiliary=data&size=220&output_size=500&catlist=1&show_overlay=1&show_grid=1&show_ids=1
ZTF24aakzycd,,,2024hxm,115.5278005,22.55594855,,https://ztf.fink-portal.org/ZTF24aakzycd,,,,,
ZTF24abtoxri,,,2024acnu,351.6053481,-12.47584772,,https://ztf.fink-portal.org/ZTF24abtoxri,,,,,
ZTF24aaueync,,,2024pbg,285.9503321,53.01805428,,https://ztf.fink-portal.org/ZTF24aaueync,,,,,
ZTF24abcbnyj,,,2024skd,114.5741683,34.574299,,https://ztf.fink-portal.org/ZTF24abcbnyj,,,,,
ZTF24absrzuh,,,2024afhi,126.9961369,-21.2817283,,https://ztf.fink-portal.org/ZTF24absrzuh,,,,,
ZTF24abpgriz,,,2024aaab,82.94373118,67.60094869,,https://ztf.fink-portal.org/ZTF24abpgriz,,,,,
ZTF24aalazse,,,2024hqs,128.6854793,40.75519965,,https://ztf.fink-portal.org/ZTF24aalazse,,,,,
ZTF24abmktlw,,,2024xvw,115.7068622,43.75295292,,https://ztf.fink-portal.org/ZTF24abmktlw,,,,,
ZTF24aappkjp,,,2024kco,214.9415304,-16.61119659,,https://ztf.fink-portal.org/ZTF24aappkjp,,,,,
ZTF24aawnwza,,,2024pxv,11.7939082,33.50955181,,https://ztf.fink-portal.org/ZTF24aawnwza,,,,,
ZTF24abhvcij,,,2024vmf,28.6335304,31.13535114,,https://ztf.fink-portal.org/ZTF24abhvcij,,,,,
ZTF24aasfwky,,,2024lno,197.8308095,8.73153815,,https://ztf.fink-portal.org/ZTF24aasfwky,,,,,
ZTF24aaicvxg,,,2024fmo,144.0554454,11.27575348,,https://ztf.fink-portal.org/ZTF24aaicvxg,,,,,
ZTF24abcwvgz,,,2024swc,247.8918609,13.04072462,,https://ztf.fink-portal.org/ZTF24abcwvgz,,,,,
ZTF24aamyrwl,,,2024iwq,319.3314492,9.245844819,,https://ztf.fink-portal.org/ZTF24aamyrwl,,,,,
ZTF24aaigyqo,,,2024fzb,109.0656013,16.0262965,,https://ztf.fink-portal.org/ZTF24aaigyqo,,not_available,"https://www.legacysurvey.org/viewer?ra=109.065601275&dec=16.026296499999997&layer=ls-dr10&photoz-dr9&zoom=16&mark=109.065601275,16.026296499999997",no,https://ps1images.stsci.edu/cgi-bin/ps1cutouts?pos=109.065601275+16.026296499999997&filter=color&filetypes=stack&auxiliary=data&size=220&output_size=500&catlist=1&show_overlay=1&show_grid=1&show_ids=1
ZTF24aaijfpt,,,2024fpn,229.3576574,-3.083093117,,https://ztf.fink-portal.org/ZTF24aaijfpt,,,,,
ZTF24abybmsk,,,2024aemi,57.91319431,-16.40855598,,https://ztf.fink-portal.org/ZTF24abybmsk,,,,,
ZTF24aathvqq,,,2024ncn,211.8539501,8.78952282,,https://ztf.fink-portal.org/ZTF24aathvqq,,,,,
ZTF24abwmcrv,,,2024aefk,357.6117866,37.17335514,,https://ztf.fink-portal.org/ZTF24abwmcrv,,,,,
ZTF24absnzsq,,,2024abkm,327.3705432,-6.081242023,,https://ztf.fink-portal.org/ZTF24absnzsq,,,,,
ZTF24abamnfx,,,2024seq,104.5837446,39.96668009,,https://ztf.fink-portal.org/ZTF24abamnfx,,,,,
ZTF24abnpybd,,,2024zkg,348.9205136,3.720843433,,https://ztf.fink-portal.org/ZTF24abnpybd,,,,,
ZTF24aahxwge,,,2024fnh,174.3524346,-10.7509333,,https://ztf.fink-portal.org/ZTF24aahxwge,,,,,
ZTF24aahxzcm,,,2024fmw,85.45010656,68.46075198,,https://ztf.fink-portal.org/ZTF24aahxzcm,,,,,
ZTF24abvkybi,,,2024adge,9.881145527,70.72598039,,https://ztf.fink-portal.org/ZTF24abvkybi,,,,,
ZTF24abgsafr,,,2024vvg,1.48531965,-15.99685873,,https://ztf.fink-portal.org/ZTF24abgsafr,,yes,"https://www.legacysurvey.org/viewer?ra=1.48531965&dec=-15.996858725&layer=ls-dr10&photoz-dr9&zoom=16&mark=1.48531965,-15.996858725",no,https://ps1images.stsci.edu/cgi-bin/ps1cutouts?pos=1.48531965+-15.996858725&filter=color&filetypes=stack&auxiliary=data&size=220&output_size=500&catlist=1&show_overlay=1&show_grid=1&show_ids=1
ZTF24abojqwn,,,2024zna,168.9579446,31.63373886,,https://ztf.fink-portal.org/ZTF24abojqwn,,,,,
ZTF24abhputg,,,2024vjj,245.3204647,60.924821,,https://ztf.fink-portal.org/ZTF24abhputg,,,,,
ZTF24aauahnc,,,2024ngi,253.5098367,39.28763998,,https://ztf.fink-portal.org/ZTF24aauahnc,,,,,
ZTF24abpuaon,,,2024aapu,26.24079619,45.59537211,,https://ztf.fink-portal.org/ZTF24abpuaon,,,,,
ZTF24abntutt,,,2024ypy,339.9883028,-16.4637627,,https://ztf.fink-portal.org/ZTF24abntutt,,,,,
ZTF24aahfwfd,,,2024eob,55.96478422,15.67349278,,https://ztf.fink-portal.org/ZTF24aahfwfd,,not_available,"https://www.legacysurvey.org/viewer?ra=55.964784224999995&dec=15.673492775&layer=ls-dr10&photoz-dr9&zoom=16&mark=55.964784224999995,15.673492775",yes,https://ps1images.stsci.edu/cgi-bin/ps1cutouts?pos=55.964784224999995+15.673492775&filter=color&filetypes=stack&auxiliary=data&size=220&output_size=500&catlist=1&show_overlay=1&show_grid=1&show_ids=1
ZTF24aasqink,,,2024lze,202.0408547,52.29563537,,https://ztf.fink-portal.org/ZTF24aasqink,,,,,
ZTF24aalzlzn,,,2024obp,276.7656446,35.97929385,,https://ztf.fink-portal.org/ZTF24aalzlzn,,,,,
ZTF24aavcabo,,,2024por,32.40664759,23.16967179,,https://ztf.fink-portal.org/ZTF24aavcabo,,,,,
ZTF24aagqhnx,,,2024ftg,137.4354401,65.88111951,,https://ztf.fink-portal.org/ZTF24aagqhnx,,,,,
ZTF24abhdwet,,,2024vhc,142.2173694,35.50535564,,https://ztf.fink-portal.org/ZTF24abhdwet,,,,,
ZTF24abwqeyd,,,2024adpp,91.13450163,0.624067675,,https://ztf.fink-portal.org/ZTF24abwqeyd,,not_available,"https://www.legacysurvey.org/viewer?ra=91.134501625&dec=0.624067675&layer=ls-dr10&photoz-dr9&zoom=16&mark=91.134501625,0.624067675",yes,https://ps1images.stsci.edu/cgi-bin/ps1cutouts?pos=91.134501625+0.624067675&filter=color&filetypes=stack&auxiliary=data&size=220&output_size=500&catlist=1&show_overlay=1&show_grid=1&show_ids=1
ZTF24abcihoe,,,2024sbn,78.37777915,-4.058152321,,https://ztf.fink-portal.org/ZTF24abcihoe,,,,,
ZTF24aatvrik,,,2024ngs,235.1874784,22.77282502,,https://ztf.fink-portal.org/ZTF24aatvrik,,,,,
ZTF24aaihqeq,,,2024fps,158.4289894,0.2961838167,,https://ztf.fink-portal.org/ZTF24aaihqeq,,,,,
ZTF24aawjvjv,,,2024puz,262.8359789,53.40415264,,https://ztf.fink-portal.org/ZTF24aawjvjv,,yes,"https://www.legacysurvey.org/viewer?ra=262.8359789277777&dec=53.40415264444445&layer=ls-dr10&photoz-dr9&zoom=16&mark=262.8359789277777,53.40415264444445",yes,https://ps1images.stsci.edu/cgi-bin/ps1cutouts?pos=262.8359789277777+53.40415264444445&filter=color&filetypes=stack&auxiliary=data&size=220&output_size=500&catlist=1&show_overlay=1&show_grid=1&show_ids=1
ZTF24abdjxqm,,,2024ulm,118.294146,25.00709407,,https://ztf.fink-portal.org/ZTF24abdjxqm,,,,,
ZTF24abyvdoe,,,2024aemj,308.310916,86.14158118,,https://ztf.fink-portal.org/ZTF24abyvdoe,,,,,
ZTF24aajgsta,,,2024gor,219.2068975,61.0578456,,https://ztf.fink-portal.org/ZTF24aajgsta,,,,,
ZTF24absappa,,,2024aaws,24.48143722,50.87366354,,https://ztf.fink-portal.org/ZTF24absappa,,,,,
ZTF24abtokax,,,2024abul,214.4501263,15.14615141,,https://ztf.fink-portal.org/ZTF24abtokax,,,,,
ZTF24aaknnfb,,,2024gwr,133.4481438,3.51241178,,https://ztf.fink-portal.org/ZTF24aaknnfb,,,,,
ZTF24aawpwxe,,,2024pux,7.60487393,20.19737242,,https://ztf.fink-portal.org/ZTF24aawpwxe,,,,,
ZTF23aboryjw,,,2023xhm,16.38184017,29.46902898,,https://ztf.fink-portal.org/ZTF23aboryjw,,no,"https://www.legacysurvey.org/viewer?ra=16.381840166666667&dec=29.46902898333333&layer=ls-dr10&photoz-dr9&zoom=16&mark=16.381840166666667,29.46902898333333",no,https://ps1images.stsci.edu/cgi-bin/ps1cutouts?pos=16.381840166666667+29.46902898333333&filter=color&filetypes=stack&auxiliary=data&size=220&output_size=500&catlist=1&show_overlay=1&show_grid=1&show_ids=1
ZTF25abigukv,,,2025tga,226.8389074,33.80176143,,https://ztf.fink-portal.org/ZTF25abigukv,,,,,
ZTF24abzpaoh,,,2024afxt,51.9423697,-9.3638543,,https://ztf.fink-portal.org/ZTF24abzpaoh,,,,,
ZTF25aaidgmi,,,2025dcw,88.33544583,67.42005368,,https://ztf.fink-portal.org/ZTF25aaidgmi,,,,,
ZTF25aaqowtn,,,2025lfj,217.7774798,19.8226314,,https://ztf.fink-portal.org/ZTF25aaqowtn,,,,,
ZTF25aacawwc,,,2024pff,184.3409158,-20.78408232,,https://ztf.fink-portal.org/ZTF25aacawwc,,,,,
ZTF25aagentf,,,2025cpr,184.2952756,54.60333278,,https://ztf.fink-portal.org/ZTF25aagentf,,,,,
ZTF25aawjdgm,,,2025pbt,222.6657851,-5.654501917,,https://ztf.fink-portal.org/ZTF25aawjdgm,,,,,
ZTF25aaghhtj,,,2025cty,66.92313595,-3.6875242,,https://ztf.fink-portal.org/ZTF25aaghhtj,,,,,
ZTF25aapkuzc,,,2025kbi,153.795056,20.18201445,,https://ztf.fink-portal.org/ZTF25aapkuzc,,,,,
ZTF25aaiqloy,,,2025dhs,181.8747681,-21.20690005,,https://ztf.fink-portal.org/ZTF25aaiqloy,,no,"https://www.legacysurvey.org/viewer?ra=181.8747681&dec=-21.20690005&layer=ls-dr10&photoz-dr9&zoom=16&mark=181.8747681,-21.20690005",yes,https://ps1images.stsci.edu/cgi-bin/ps1cutouts?pos=181.8747681+-21.20690005&filter=color&filetypes=stack&auxiliary=data&size=220&output_size=500&catlist=1&show_overlay=1&show_grid=1&show_ids=1
ZTF25aabsnxe,,,2025mz,236.6196645,23.0098522,,https://ztf.fink-portal.org/ZTF25aabsnxe,,,,,
ZTF25aaqebvt,,,2025kkt,140.9281448,3.139549957,,https://ztf.fink-portal.org/ZTF25aaqebvt,,,,,
ZTF25aainhcq,,,2025esi,133.5226293,40.25187979,,https://ztf.fink-portal.org/ZTF25aainhcq,,,,,
ZTF25aavgqzp,,,2025nyr,193.0762279,15.37705198,,https://ztf.fink-portal.org/ZTF25aavgqzp,,,,,
ZTF25aaddzbs,,,2025aut,191.8462354,-23.60581134,,https://ztf.fink-portal.org/ZTF25aaddzbs,,,,,
ZTF25aaouelt,,,2025iza,135.9342941,31.20836952,,https://ztf.fink-portal.org/ZTF25aaouelt,,,,,
ZTF25aauvtqk,,,2025nqv,245.290554,26.02822957,,https://ztf.fink-portal.org/ZTF25aauvtqk,,,,,
ZTF25aalvpqx,,,2025gyd,242.2040612,-10.34802195,,https://ztf.fink-portal.org/ZTF25aalvpqx,,,,,
ZTF24abwzbei,,,2024adxt,228.7926325,10.44939152,,https://ztf.fink-portal.org/ZTF24abwzbei,,,,,
ZTF25abdcpcx,,,2025sah,91.12295844,43.73096959,,https://ztf.fink-portal.org/ZTF25abdcpcx,,not_available,"https://www.legacysurvey.org/viewer?ra=91.12295844&dec=43.73096959&layer=ls-dr10&photoz-dr9&zoom=16&mark=91.12295844,43.73096959",yes,https://ps1images.stsci.edu/cgi-bin/ps1cutouts?pos=91.12295844+43.73096959&filter=color&filetypes=stack&auxiliary=data&size=220&output_size=500&catlist=1&show_overlay=1&show_grid=1&show_ids=1
ZTF25aapsbqe,,,2025kmj,315.9644655,14.06380287,,https://ztf.fink-portal.org/ZTF25aapsbqe,,,,,
ZTF25aaphqzo,,,2025ize,295.7775069,84.19264486,,https://ztf.fink-portal.org/ZTF25aaphqzo,,,,,
ZTF25aapuxrx,,,2025kii,282.2124992,43.90250523,,https://ztf.fink-portal.org/ZTF25aapuxrx,,,,,
ZTF25aajgmfp,,,2025fhp,163.975798,-24.6181697,,https://ztf.fink-portal.org/ZTF25aajgmfp,,,,,
ZTF25aaplvhz,,,2025kgy,137.9549232,33.68129366,,https://ztf.fink-portal.org/ZTF25aaplvhz,,,,,
ZTF25aankcwt,,,2025ird,209.1050849,23.7238183,,https://ztf.fink-portal.org/ZTF25aankcwt,,yes,"https://www.legacysurvey.org/viewer?ra=209.105084875&dec=23.7238183&layer=ls-dr10&photoz-dr9&zoom=16&mark=209.105084875,23.7238183",yes,https://ps1images.stsci.edu/cgi-bin/ps1cutouts?pos=209.105084875+23.7238183&filter=color&filetypes=stack&auxiliary=data&size=220&output_size=500&catlist=1&show_overlay=1&show_grid=1&show_ids=1
ZTF25aavfzgq,,,2025oac,195.0335202,-16.43099545,,https://ztf.fink-portal.org/ZTF25aavfzgq,,,,,
ZTF25aakgxxd,,,2025fow,257.9768256,2.27490292,,https://ztf.fink-portal.org/ZTF25aakgxxd,,,,,
ZTF23absjirl,,,2023zke,229.1802286,21.98954804,,https://ztf.fink-portal.org/ZTF23absjirl,,,,,
ZTF25aajenay,,,2025erj,69.57749517,21.595173,,https://ztf.fink-portal.org/ZTF25aajenay,,,,,
ZTF25aaghhqn,,,2025cgd,91.99034729,-23.39443811,,https://ztf.fink-portal.org/ZTF25aaghhqn,,,,,
ZTF25aawanhm,,,2025orj,246.7873782,12.04088798,,https://ztf.fink-portal.org/ZTF25aawanhm,,,,,
ZTF25aanxvlg,,,2025isa,245.5795213,15.79899327,,https://ztf.fink-portal.org/ZTF25aanxvlg,,,,,
ZTF24aaerbdz,,,2024ckr,171.3055455,-13.6425709,,https://ztf.fink-portal.org/ZTF24aaerbdz,,,,,
ZTF23abdsfms,,,2023sxt,97.01130839,80.06911238,,https://ztf.fink-portal.org/ZTF23abdsfms,,no,"https://www.legacysurvey.org/viewer?ra=97.01130839&dec=80.06911238&layer=ls-dr10&photoz-dr9&zoom=16&mark=97.01130839,80.06911238",no,https://ps1images.stsci.edu/cgi-bin/ps1cutouts?pos=97.01130839+80.06911238&filter=color&filetypes=stack&auxiliary=data&size=220&output_size=500&catlist=1&show_overlay=1&show_grid=1&show_ids=1
ZTF24aaarzpg,,,2024aap,189.5968438,-8.426678167,,https://ztf.fink-portal.org/ZTF24aaarzpg,,,,,
ZTF23abscrnc,,,2023znr,84.68413407,71.61659538,,https://ztf.fink-portal.org/ZTF23abscrnc,,,,,
ZTF24aacfsyl,,,2024alt,127.6767912,5.478886767,,https://ztf.fink-portal.org/ZTF24aacfsyl,,,,,
ZTF23aazxoku,,,2023qun,50.66039548,21.51034953,,https://ztf.fink-portal.org/ZTF23aazxoku,,,,,
ZTF23abkpino,,,2023vpx,133.7217576,26.56057252,,https://ztf.fink-portal.org/ZTF23abkpino,,,,,
ZTF25aaalevu,,,2024aglp,39.44046876,18.79335078,,https://ztf.fink-portal.org/ZTF25aaalevu,,,,,
ZTF25aakdrtk,,,2025fvi,156.9152299,9.559383182,,https://ztf.fink-portal.org/ZTF25aakdrtk,,,,,
ZTF25aalvymj,,,2025gzu,352.4445365,40.3773906,,https://ztf.fink-portal.org/ZTF25aalvymj,,,,,
ZTF25abikmzx,,,2025usi,47.71566258,29.11520346,,https://ztf.fink-portal.org/ZTF25abikmzx,,not_available,"https://www.legacysurvey.org/viewer?ra=47.71566258&dec=29.115203459999996&layer=ls-dr10&photoz-dr9&zoom=16&mark=47.71566258,29.115203459999996",yes,https://ps1images.stsci.edu/cgi-bin/ps1cutouts?pos=47.71566258+29.115203459999996&filter=color&filetypes=stack&auxiliary=data&size=220&output_size=500&catlist=1&show_overlay=1&show_grid=1&show_ids=1
ZTF25aakofiw,,,2025gdz,259.3268568,18.39535175,,https://ztf.fink-portal.org/ZTF25aakofiw,,,,,
ZTF25aatlijo,,,2025mzg,263.8577809,25.46921199,,https://ztf.fink-portal.org/ZTF25aatlijo,,,,,
ZTF25abigqel,,,2025trw,235.3639873,3.13023722,,https://ztf.fink-portal.org/ZTF25abigqel,,,,,
ZTF24absoabp,,,2024abkt,321.9320604,-12.95959464,,https://ztf.fink-portal.org/ZTF24absoabp,,,,,
ZTF25aanekry,,,2025hww,149.9805682,-19.6594551,,https://ztf.fink-portal.org/ZTF25aanekry,,,,,
ZTF25aacbkwz,,,2025pu,130.7409509,42.6204639,,https://ztf.fink-portal.org/ZTF25aacbkwz,,,,,
ZTF24abydfcn,,,2024aetw,4.972293075,-22.1275238,,https://ztf.fink-portal.org/ZTF24abydfcn,,,,,
ZTF25aayorfb,,,2025qat,244.637283,-16.60270288,,https://ztf.fink-portal.org/ZTF25aayorfb,,,,,
ZTF25aachnkp,,,2025aav,194.7374417,-10.06245147,,https://ztf.fink-portal.org/ZTF25aachnkp,,,,,
ZTF25abhkfkq,,,2025tgj,31.2165698,8.487665617,,https://ztf.fink-portal.org/ZTF25abhkfkq,,,,,
ZTF25aahlycs,,,2025csv,230.7904227,30.87752088,,https://ztf.fink-portal.org/ZTF25aahlycs,,,,,
ZTF25aajhrzw,,,2025fcg,217.4608743,69.13532093,,https://ztf.fink-portal.org/ZTF25aajhrzw,,,,,
ZTF25aacdmqo,,,2025wz,233.1905442,4.102114114,,https://ztf.fink-portal.org/ZTF25aacdmqo,,,,,
ZTF25aaoeywm,,,2025iqw,175.1727521,5.83170288,,https://ztf.fink-portal.org/ZTF25aaoeywm,,,,,
ZTF25aaqzjoy,,,2025kyx,284.6066612,84.73357631,,https://ztf.fink-portal.org/ZTF25aaqzjoy,,not_available,"https://www.legacysurvey.org/viewer?ra=284.60666117272723&dec=84.73357630909089&layer=ls-dr10&photoz-dr9&zoom=16&mark=284.60666117272723,84.73357630909089",yes,https://ps1images.stsci.edu/cgi-bin/ps1cutouts?pos=284.60666117272723+84.73357630909089&filter=color&filetypes=stack&auxiliary=data&size=220&output_size=500&catlist=1&show_overlay=1&show_grid=1&show_ids=1
ZTF25aapsjya,,,2025keh,10.44878842,41.20136209,,https://ztf.fink-portal.org/ZTF25aapsjya,,,,,
ZTF25aaupzxy,,,2025nmg,179.9739365,10.67954526,,https://ztf.fink-portal.org/ZTF25aaupzxy,,,,,
ZTF25aagjlxr,,,2025ckg,133.911297,7.845894844,,https://ztf.fink-portal.org/ZTF25aagjlxr,,,,,
ZTF25aawtdak,,,2025ovm,348.2466373,-0.2526905519,,https://ztf.fink-portal.org/ZTF25aawtdak,,,,,
ZTF25aafocde,,,2025bst,174.2528373,29.71099665,,https://ztf.fink-portal.org/ZTF25aafocde,,,,,
ZTF25aaftbug,,,2025cez,176.6983242,41.77890435,,https://ztf.fink-portal.org/ZTF25aaftbug,,,,,
ZTF25aamkdzv,,,2025hkp,246.1090193,16.67767428,,https://ztf.fink-portal.org/ZTF25aamkdzv,,,,,
ZTF25aaniovm,,,2025hzl,127.9596168,-20.6467313,,https://ztf.fink-portal.org/ZTF25aaniovm,,,,,
ZTF25aajncey,,,2025fml,206.0648604,-23.0587332,,https://ztf.fink-portal.org/ZTF25aajncey,,,,,
ZTF25aafweaj,,,2025cge,163.9399861,70.13049991,,https://ztf.fink-portal.org/ZTF25aafweaj,,,,,
ZTF25aarczrv,,,2025ljo,213.5867277,-22.82458973,,https://ztf.fink-portal.org/ZTF25aarczrv,,,,,
ZTF25aajfhfr,,,2025fhr,140.7970472,-26.84967326,,https://ztf.fink-portal.org/ZTF25aajfhfr,,,,,
ZTF25aanijcp,,,2025hld,120.9557282,-2.98005304,,https://ztf.fink-portal.org/ZTF25aanijcp,,not_available,"https://www.legacysurvey.org/viewer?ra=120.95572818&dec=-2.9800530399999996&layer=ls-dr10&photoz-dr9&zoom=16&mark=120.95572818,-2.9800530399999996",no,https://ps1images.stsci.edu/cgi-bin/ps1cutouts?pos=120.95572818+-2.9800530399999996&filter=color&filetypes=stack&auxiliary=data&size=220&output_size=500&catlist=1&show_overlay=1&show_grid=1&show_ids=1
ZTF25aalsbpm,,,2025gyv,159.6003614,68.0402696,,https://ztf.fink-portal.org/ZTF25aalsbpm,,,,,
ZTF25aanjtra,,,2025hzt,220.8150879,12.90779193,,https://ztf.fink-portal.org/ZTF25aanjtra,,,,,
ZTF25aaoqzhl,,,2025ism,252.6325316,59.20694441,,https://ztf.fink-portal.org/ZTF25aaoqzhl,,,,,
ZTF25aaurbsw,,,2025ngk,224.9242247,50.90982503,,https://ztf.fink-portal.org/ZTF25aaurbsw,,,,,
ZTF25aavgvkc,,,2025osj,189.2212169,41.46293495,,https://ztf.fink-portal.org/ZTF25aavgvkc,,,,,
ZTF24abyiwzh,,,2024aenw,79.28371739,-14.97952941,,https://ztf.fink-portal.org/ZTF24abyiwzh,,no,"https://www.legacysurvey.org/viewer?ra=79.2837173875&dec=-14.9795294125&layer=ls-dr10&photoz-dr9&zoom=16&mark=79.2837173875,-14.9795294125",no,https://ps1images.stsci.edu/cgi-bin/ps1cutouts?pos=79.2837173875+-14.9795294125&filter=color&filetypes=stack&auxiliary=data&size=220&output_size=500&catlist=1&show_overlay=1&show_grid=1&show_ids=1
ZTF25aajlhto,,,2025fou,83.95679632,56.96278515,,https://ztf.fink-portal.org/ZTF25aajlhto,,not_available,"https://www.legacysurvey.org/viewer?ra=83.95679631666665&dec=56.962785149999995&layer=ls-dr10&photoz-dr9&zoom=16&mark=83.95679631666665,56.962785149999995",yes,https://ps1images.stsci.edu/cgi-bin/ps1cutouts?pos=83.95679631666665+56.962785149999995&filter=color&filetypes=stack&auxiliary=data&size=220&output_size=500&catlist=1&show_overlay=1&show_grid=1&show_ids=1
ZTF24abzsxfu,,,2024afkb,130.7405947,37.56110102,,https://ztf.fink-portal.org/ZTF24abzsxfu,,,,,
ZTF25aahfhjr,,,2025cww,55.961926,-10.6761436,,https://ztf.fink-portal.org/ZTF25aahfhjr,,,,,
ZTF25aatslhl,,,2025new,254.8394003,81.95473346,,https://ztf.fink-portal.org/ZTF25aatslhl,,yes,"https://www.legacysurvey.org/viewer?ra=254.83940027894735&dec=81.9547334631579&layer=ls-dr10&photoz-dr9&zoom=16&mark=254.83940027894735,81.9547334631579",yes,https://ps1images.stsci.edu/cgi-bin/ps1cutouts?pos=254.83940027894735+81.9547334631579&filter=color&filetypes=stack&auxiliary=data&size=220&output_size=500&catlist=1&show_overlay=1&show_grid=1&show_ids=1
ZTF25aacrmjb,,,2025afu,164.3294117,-8.63293838,,https://ztf.fink-portal.org/ZTF25aacrmjb,,,,,
ZTF25aapkdnj,,,2025etj,10.33148714,41.64032134,,https://ztf.fink-portal.org/ZTF25aapkdnj,,,,,
ZTF25aantepy,,,2025hzf,143.0207928,3.42255124,,https://ztf.fink-portal.org/ZTF25aantepy,,,,,
ZTF25aanbkva,,,2025hkj,183.0430305,-13.11478454,,https://ztf.fink-portal.org/ZTF25aanbkva,,,,,
ZTF24abyjjjt,,,2024aeon,61.1055513,-10.12543279,,https://ztf.fink-portal.org/ZTF24abyjjjt,,,,,
ZTF25aaluxnm,,,2025gte,197.1177577,8.228807157,,https://ztf.fink-portal.org/ZTF25aaluxnm,,,,,
ZTF25abihaoq,,,2025txm,267.3995018,37.02640261,,https://ztf.fink-portal.org/ZTF25abihaoq,,,,,
ZTF25aakgvaa,,,2025fvz,262.3521992,36.50923349,,https://ztf.fink-portal.org/ZTF25aakgvaa,,,,,
ZTF25aavgwln,,,2025nrd,228.1670631,-4.770282411,,https://ztf.fink-portal.org/ZTF25aavgwln,,,,,
ZTF25aafctwi,,,2025ayv,198.0469715,5.221257929,,https://ztf.fink-portal.org/ZTF25aafctwi,,,,,
ZTF25aabuuqf,,,2025adz,265.9563443,7.186205467,,https://ztf.fink-portal.org/ZTF25aabuuqf,,,,,
ZTF25aanirib,,,2025hzh,167.2783717,-12.17924337,,https://ztf.fink-portal.org/ZTF25aanirib,,,,,
ZTF24abzvwfa,,,2024agid,143.2701107,56.65912152,,https://ztf.fink-portal.org/ZTF24abzvwfa,,,,,
ZTF25aabsnwv,,,2025zg,239.9150143,46.91002749,,https://ztf.fink-portal.org/ZTF25aabsnwv,,,,,
ZTF25aanjqgf,,,2025ibi,192.5225794,-12.35798435,,https://ztf.fink-portal.org/ZTF25aanjqgf,,no,"https://www.legacysurvey.org/viewer?ra=192.5225794&dec=-12.357984354545454&layer=ls-dr10&photoz-dr9&zoom=16&mark=192.5225794,-12.357984354545454",no,https://ps1images.stsci.edu/cgi-bin/ps1cutouts?pos=192.5225794+-12.357984354545454&filter=color&filetypes=stack&auxiliary=data&size=220&output_size=500&catlist=1&show_overlay=1&show_grid=1&show_ids=1
ZTF25aalzdap,,,2025hde,272.3860069,70.95167821,,https://ztf.fink-portal.org/ZTF25aalzdap,,,,,
ZTF25aabsmid,,,2025ln,174.2033288,-26.23552935,,https://ztf.fink-portal.org/ZTF25aabsmid,,,,,
ZTF24abzkvev,,,2024afni,156.7275224,48.86715113,,https://ztf.fink-portal.org/ZTF24abzkvev,,,,,
ZTF25aalmukv,,,2024zkf,335.918067,28.06413806,,https://ztf.fink-portal.org/ZTF25aalmukv,,,,,
ZTF25aavxdsp,,,2025oxu,315.214016,-20.89005907,,https://ztf.fink-portal.org/ZTF25aavxdsp,,,,,
ZTF25aanigop,,,2025ibd,211.6866723,-25.6067401,,https://ztf.fink-portal.org/ZTF25aanigop,,,,,
ZTF25aafpqhy,,,2025crj,91.33756044,-25.03387979,,https://ztf.fink-portal.org/ZTF25aafpqhy,,,,,
ZTF25aaiyyvv,,,2025ett,142.094606,50.88320445,,https://ztf.fink-portal.org/ZTF25aaiyyvv,,,,,
ZTF25aanlnuo,,,2025hxa,225.724309,5.210254807,,https://ztf.fink-portal.org/ZTF25aanlnuo,,,,,
ZTF25aajhsmn,,,2025evt,218.1375839,80.35732436,,https://ztf.fink-portal.org/ZTF25aajhsmn,,,,,
ZTF25aalzmdh,,,2025hjx,256.1308769,54.02955079,,https://ztf.fink-portal.org/ZTF25aalzmdh,,,,,
ZTF24abydgdk,,,2024aeev,348.0488833,11.91069408,,https://ztf.fink-portal.org/ZTF24abydgdk,,,,,
ZTF25aaamvkj,,,2025aq,158.8617206,41.59514002,,https://ztf.fink-portal.org/ZTF25aaamvkj,,,,,
ZTF24abzpalm,,,2024afxp,37.62616859,40.41953739,,https://ztf.fink-portal.org/ZTF24abzpalm,,,,,
ZTF25aajcjdw,,,2025ezp,116.3137739,-5.073030942,,https://ztf.fink-portal.org/ZTF25aajcjdw,,,,,
ZTF25aaqbsio,,,2025klq,250.5056407,-0.258614,,https://ztf.fink-portal.org/ZTF25aaqbsio,,no,"https://www.legacysurvey.org/viewer?ra=250.50564071666668&dec=-0.2586139999999999&layer=ls-dr10&photoz-dr9&zoom=16&mark=250.50564071666668,-0.2586139999999999",yes,https://ps1images.stsci.edu/cgi-bin/ps1cutouts?pos=250.50564071666668+-0.2586139999999999&filter=color&filetypes=stack&auxiliary=data&size=220&output_size=500&catlist=1&show_overlay=1&show_grid=1&show_ids=1
ZTF25aaheqzd,,,2025cro,231.7193476,-17.63790372,,https://ztf.fink-portal.org/ZTF25aaheqzd,,yes,"https://www.legacysurvey.org/viewer?ra=231.71934762&dec=-17.63790372&layer=ls-dr10&photoz-dr9&zoom=16&mark=231.71934762,-17.63790372",yes,https://ps1images.stsci.edu/cgi-bin/ps1cutouts?pos=231.71934762+-17.63790372&filter=color&filetypes=stack&auxiliary=data&size=220&output_size=500&catlist=1&show_overlay=1&show_grid=1&show_ids=1
ZTF25abggzak,,,2025spb,242.1283738,34.92226342,,https://ztf.fink-portal.org/ZTF25abggzak,,,,,
ZTF25aaqkpdi,,,2025lfl,352.4999336,24.45929033,,https://ztf.fink-portal.org/ZTF25aaqkpdi,,,,,
ZTF25aagfivp,,,2025cps,188.5104379,-17.98092927,,https://ztf.fink-portal.org/ZTF25aagfivp,,,,,
ZTF23abvtnlu,,,2023acch,29.04216537,3.475661933,,https://ztf.fink-portal.org/ZTF23abvtnlu,,,,,
ZTF25aajbchc,,,2025euv,80.63570055,63.58046601,,https://ztf.fink-portal.org/ZTF25aajbchc,,,,,
ZTF24aaacvdw,,,2024mx,183.8261911,63.44485,,https://ztf.fink-portal.org/ZTF24aaacvdw,,,,,
ZTF23abilisu,,,2023ufm,3.99520498,-1.03150226,,https://ztf.fink-portal.org/ZTF23abilisu,,maybe,"https://www.legacysurvey.org/viewer?ra=3.99520498&dec=-1.03150226&layer=ls-dr10&photoz-dr9&zoom=16&mark=3.99520498,-1.03150226",no,https://ps1images.stsci.edu/cgi-bin/ps1cutouts?pos=3.99520498+-1.03150226&filter=color&filetypes=stack&auxiliary=data&size=220&output_size=500&catlist=1&show_overlay=1&show_grid=1&show_ids=1
ZTF23abncyct,,,2023vuz,269.5279389,25.25747603,,https://ztf.fink-portal.org/ZTF23abncyct,,,,,
ZTF23abmjitq,,,2023vos,5.407417925,11.57674053,,https://ztf.fink-portal.org/ZTF23abmjitq,,,,,
ZTF23abofayp,,,2018aod,51.29091094,48.83886577,,https://ztf.fink-portal.org/ZTF23abofayp,,,,,
ZTF23aboiawb,,,2023xfn,144.7045299,30.02301176,,https://ztf.fink-portal.org/ZTF23aboiawb,,,,,
ZTF24aadvsff,,,2024bfm,123.6309726,14.91295677,,https://ztf.fink-portal.org/ZTF24aadvsff,,,,,
ZTF23abjdloa,,,2023vld,106.6333689,65.82991028,,https://ztf.fink-portal.org/ZTF23abjdloa,,,,,
ZTF23abvttdd,,,2023acjx,47.43917963,41.00736415,,https://ztf.fink-portal.org/ZTF23abvttdd,,not_available,"https://www.legacysurvey.org/viewer?ra=47.439179625&dec=41.00736415&layer=ls-dr10&photoz-dr9&zoom=16&mark=47.439179625,41.00736415",no,https://ps1images.stsci.edu/cgi-bin/ps1cutouts?pos=47.439179625+41.00736415&filter=color&filetypes=stack&auxiliary=data&size=220&output_size=500&catlist=1&show_overlay=1&show_grid=1&show_ids=1
ZTF24aacreis,,,2024aku,218.8151993,58.4958651,,https://ztf.fink-portal.org/ZTF24aacreis,,,,,
ZTF24aaekknp,,,2024cmf,233.5214238,57.06017122,,https://ztf.fink-portal.org/ZTF24aaekknp,,,,,
ZTF24aafirxd,,,2024dlu,209.8969658,35.6341867,,https://ztf.fink-portal.org/ZTF24aafirxd,,,,,
ZTF23abnlexe,,,2023wef,339.752524,7.30571635,,https://ztf.fink-portal.org/ZTF23abnlexe,,,,,
ZTF23absjiof,,,2023zya,190.5111033,10.02550475,,https://ztf.fink-portal.org/ZTF23absjiof,,,,,
ZTF24aaadecc,,,2024oh,230.121244,54.72376545,,https://ztf.fink-portal.org/ZTF24aaadecc,,,,,
ZTF24aaejwsn,,,2024ckv,218.2183577,49.95862442,,https://ztf.fink-portal.org/ZTF24aaejwsn,,,,,
ZTF24aaaejlv,,,2024lm,43.68299401,44.14042209,,https://ztf.fink-portal.org/ZTF24aaaejlv,,not_available,"https://www.legacysurvey.org/viewer?ra=43.68299401428572&dec=44.140422085714285&layer=ls-dr10&photoz-dr9&zoom=16&mark=43.68299401428572,44.140422085714285",yes,https://ps1images.stsci.edu/cgi-bin/ps1cutouts?pos=43.68299401428572+44.140422085714285&filter=color&filetypes=stack&auxiliary=data&size=220&output_size=500&catlist=1&show_overlay=1&show_grid=1&show_ids=1
ZTF24aadlpxv,,,2024bgn,66.40345913,13.84439533,,https://ztf.fink-portal.org/ZTF24aadlpxv,,,,,
ZTF24aaejxtc,,,2024bkt,187.3359167,-23.23514477,,https://ztf.fink-portal.org/ZTF24aaejxtc,,,,,
ZTF23abcrvnt,,,2023shy,318.6363157,-26.77504154,,https://ztf.fink-portal.org/ZTF23abcrvnt,,,,,
ZTF23abawwbg,,,2023sfw,127.5323446,19.9362841,,https://ztf.fink-portal.org/ZTF23abawwbg,,yes,"https://www.legacysurvey.org/viewer?ra=127.53234456764706&dec=19.936284097058824&layer=ls-dr10&photoz-dr9&zoom=16&mark=127.53234456764706,19.936284097058824",yes,https://ps1images.stsci.edu/cgi-bin/ps1cutouts?pos=127.53234456764706+19.936284097058824&filter=color&filetypes=stack&auxiliary=data&size=220&output_size=500&catlist=1&show_overlay=1&show_grid=1&show_ids=1
ZTF23abvosnz,,,2024lr,5.05019435,73.06380185,,https://ztf.fink-portal.org/ZTF23abvosnz,,,,,
ZTF24aaaeqvq,,,2024ts,36.89460272,33.5127768,,https://ztf.fink-portal.org/ZTF24aaaeqvq,,,,,
ZTF24aaehepr,,,2024aoi,123.4676395,-14.25572738,,https://ztf.fink-portal.org/ZTF24aaehepr,,,,,
ZTF23abvnrva,,,2017dwt,94.0462934,-10.525438,,https://ztf.fink-portal.org/ZTF23abvnrva,,,,,
ZTF23abdiuwh,,,2023spa,138.4820837,19.51534392,,https://ztf.fink-portal.org/ZTF23abdiuwh,,,,,
ZTF23abiixqe,,,2023wkv,148.9319265,-4.1353177,,https://ztf.fink-portal.org/ZTF23abiixqe,,,,,
ZTF23absbptl,,,2023yib,44.20466598,-24.63507842,,https://ztf.fink-portal.org/ZTF23absbptl,,,,,
ZTF24aafvhlr,,,2018izx,274.3903723,40.06078091,,https://ztf.fink-portal.org/ZTF24aafvhlr,,,,,
ZTF24aafaamo,,,2024cop,212.8195981,26.33748433,,https://ztf.fink-portal.org/ZTF24aafaamo,,,,,
ZTF24abszkgi,,,2024acgg,178.5690497,20.73149852,,https://ztf.fink-portal.org/ZTF24abszkgi,,,,,
ZTF24abezzcm,,,2024ulh,120.8086781,20.03878646,,https://ztf.fink-portal.org/ZTF24abezzcm,,,,,
ZTF24aarwnax,,,2024lhl,259.2499256,-5.565212724,,https://ztf.fink-portal.org/ZTF24aarwnax,,,,,
ZTF24aagzzye,,,2024ebu,254.7811541,77.05673828,,https://ztf.fink-portal.org/ZTF24aagzzye,,,,,
ZTF24absazmk,,,2024aaxx,74.1090275,70.67757294,,https://ztf.fink-portal.org/ZTF24absazmk,,not_available,"https://www.legacysurvey.org/viewer?ra=74.10902749523811&dec=70.67757293809524&layer=ls-dr10&photoz-dr9&zoom=16&mark=74.10902749523811,70.67757293809524",no,https://ps1images.stsci.edu/cgi-bin/ps1cutouts?pos=74.10902749523811+70.67757293809524&filter=color&filetypes=stack&auxiliary=data&size=220&output_size=500&catlist=1&show_overlay=1&show_grid=1&show_ids=1
ZTF24abluyre,,,2024xve,252.5190741,52.30251315,,https://ztf.fink-portal.org/ZTF24abluyre,,,,,
ZTF24aalbagt,,,2024hxi,122.7558357,35.96826193,,https://ztf.fink-portal.org/ZTF24aalbagt,,,,,
ZTF24aabwweu,,,2024alb,27.9151679,46.21657605,,https://ztf.fink-portal.org/ZTF24aabwweu,,,,,
ZTF24aaskkjl,,,2024lxl,358.9472042,37.21564597,,https://ztf.fink-portal.org/ZTF24aaskkjl,,,,,
ZTF24aaxkdul,,,2024qrr,262.321666,51.30175912,,https://ztf.fink-portal.org/ZTF24aaxkdul,,,,,
ZTF24aajwajo,,,2024gro,200.3733311,-10.39948961,,https://ztf.fink-portal.org/ZTF24aajwajo,,no,"https://www.legacysurvey.org/viewer?ra=200.3733310875&dec=-10.3994896125&layer=ls-dr10&photoz-dr9&zoom=16&mark=200.3733310875,-10.3994896125",yes,https://ps1images.stsci.edu/cgi-bin/ps1cutouts?pos=200.3733310875+-10.3994896125&filter=color&filetypes=stack&auxiliary=data&size=220&output_size=500&catlist=1&show_overlay=1&show_grid=1&show_ids=1
ZTF24aaibdjb,,,2024gac,113.3914618,2.986617575,,https://ztf.fink-portal.org/ZTF24aaibdjb,,,,,
ZTF24aawavgt,,,2024pwi,17.78616979,41.09376978,,https://ztf.fink-portal.org/ZTF24aawavgt,,,,,
ZTF24abitpxy,,,2024wdn,123.8389142,58.87986247,,https://ztf.fink-portal.org/ZTF24abitpxy,,yes,"https://www.legacysurvey.org/viewer?ra=123.83891422142858&dec=58.879862471428574&layer=ls-dr10&photoz-dr9&zoom=16&mark=123.83891422142858,58.879862471428574",yes,https://ps1images.stsci.edu/cgi-bin/ps1cutouts?pos=123.83891422142858+58.879862471428574&filter=color&filetypes=stack&auxiliary=data&size=220&output_size=500&catlist=1&show_overlay=1&show_grid=1&show_ids=1
ZTF24aavrelg,,,2024pps,337.537368,17.60661452,,https://ztf.fink-portal.org/ZTF24aavrelg,,,,,
ZTF24aajxrmd,,,2024gsj,356.2842305,38.26572865,,https://ztf.fink-portal.org/ZTF24aajxrmd,,,,,
ZTF23abqbpaw,,,2023xln,12.23049005,-24.0200917,,https://ztf.fink-portal.org/ZTF23abqbpaw,,,,,
ZTF24aaeggrz,,,2024ccs,48.04727478,23.95160765,,https://ztf.fink-portal.org/ZTF24aaeggrz,,not_available,"https://www.legacysurvey.org/viewer?ra=48.047274783333336&dec=23.95160765&layer=ls-dr10&photoz-dr9&zoom=16&mark=48.047274783333336,23.95160765",yes,https://ps1images.stsci.edu/cgi-bin/ps1cutouts?pos=48.047274783333336+23.95160765&filter=color&filetypes=stack&auxiliary=data&size=220&output_size=500&catlist=1&show_overlay=1&show_grid=1&show_ids=1
ZTF23aazfosr,,,2023quw,59.84700206,32.2376353,,https://ztf.fink-portal.org/ZTF23aazfosr,,not_available,"https://www.legacysurvey.org/viewer?ra=59.84700205833334&dec=32.2376353&layer=ls-dr10&photoz-dr9&zoom=16&mark=59.84700205833334,32.2376353",yes,https://ps1images.stsci.edu/cgi-bin/ps1cutouts?pos=59.84700205833334+32.2376353&filter=color&filetypes=stack&auxiliary=data&size=220&output_size=500&catlist=1&show_overlay=1&show_grid=1&show_ids=1
ZTF24aaenufu,,,2024crk,137.6410926,15.07484703,,https://ztf.fink-portal.org/ZTF24aaenufu,,,,,
ZTF25abigtwo,,,2025ulx,245.613546,13.47157741,,https://ztf.fink-portal.org/ZTF25abigtwo,,,,,
ZTF23aaznymz,,,2023qvv,41.93237243,38.06125223,,https://ztf.fink-portal.org/ZTF23aaznymz,,,,,
ZTF24abnvicc,,,2024znh,57.61407073,18.81186825,,https://ztf.fink-portal.org/ZTF24abnvicc,,,,,
ZTF24aarvhfv,,,2024lcs,327.9794423,28.58298138,,https://ztf.fink-portal.org/ZTF24aarvhfv,,,,,
ZTF24abjgazf,,,2024wqp,131.7759401,55.94506096,,https://ztf.fink-portal.org/ZTF24abjgazf,,,,,
ZTF24aagilmu,,,2024diw,113.2159785,38.99872666,,https://ztf.fink-portal.org/ZTF24aagilmu,,yes,"https://www.legacysurvey.org/viewer?ra=113.21597851764706&dec=38.99872665882353&layer=ls-dr10&photoz-dr9&zoom=16&mark=113.21597851764706,38.99872665882353",yes,https://ps1images.stsci.edu/cgi-bin/ps1cutouts?pos=113.21597851764706+38.99872665882353&filter=color&filetypes=stack&auxiliary=data&size=220&output_size=500&catlist=1&show_overlay=1&show_grid=1&show_ids=1
ZTF24aakfccf,,,2024hhc,136.7439942,17.35484073,,https://ztf.fink-portal.org/ZTF24aakfccf,,,,,
ZTF24abrzrdb,,,2024aawj,347.252813,23.11164006,,https://ztf.fink-portal.org/ZTF24abrzrdb,,,,,
ZTF23aavyfyn,,,2023otk,3.851005476,47.58579756,,https://ztf.fink-portal.org/ZTF23aavyfyn,,not_available,"https://www.legacysurvey.org/viewer?ra=3.8510054758620686&dec=47.58579755517241&layer=ls-dr10&photoz-dr9&zoom=16&mark=3.8510054758620686,47.58579755517241",no,https://ps1images.stsci.edu/cgi-bin/ps1cutouts?pos=3.8510054758620686+47.58579755517241&filter=color&filetypes=stack&auxiliary=data&size=220&output_size=500&catlist=1&show_overlay=1&show_grid=1&show_ids=1
ZTF25aborakj,,,2025xcc,343.2210393,80.48451842,,https://ztf.fink-portal.org/ZTF25aborakj,,not_available,"https://www.legacysurvey.org/viewer?ra=343.22103934&dec=80.48451842&layer=ls-dr10&photoz-dr9&zoom=16&mark=343.22103934,80.48451842",yes,https://ps1images.stsci.edu/cgi-bin/ps1cutouts?pos=343.22103934+80.48451842&filter=color&filetypes=stack&auxiliary=data&size=220&output_size=500&catlist=1&show_overlay=1&show_grid=1&show_ids=1
ZTF23abfgsod,,,2023tje,341.2763513,39.01119664,,https://ztf.fink-portal.org/ZTF23abfgsod,,,,,
ZTF24aaeklor,,,2024cah,238.741181,-10.07832595,,https://ztf.fink-portal.org/ZTF24aaeklor,,,,,
ZTF24aadrjos,,,2024bjt,26.67511883,31.83809921,,https://ztf.fink-portal.org/ZTF24aadrjos,,,,,
ZTF24aaadebq,,,2024cf,232.1094935,22.59819538,,https://ztf.fink-portal.org/ZTF24aaadebq,,,,,
ZTF23abhwnlz,,,2023ufz,355.6298321,-24.69246201,,https://ztf.fink-portal.org/ZTF23abhwnlz,,yes,"https://www.legacysurvey.org/viewer?ra=355.6298321375&dec=-24.6924620125&layer=ls-dr10&photoz-dr9&zoom=16&mark=355.6298321375,-24.6924620125",yes,https://ps1images.stsci.edu/cgi-bin/ps1cutouts?pos=355.6298321375+-24.6924620125&filter=color&filetypes=stack&auxiliary=data&size=220&output_size=500&catlist=1&show_overlay=1&show_grid=1&show_ids=1
ZTF24aaekbpi,,,2024cpc,234.9609152,17.80782178,,https://ztf.fink-portal.org/ZTF24aaekbpi,,no,"https://www.legacysurvey.org/viewer?ra=234.9609152&dec=17.807821775&layer=ls-dr10&photoz-dr9&zoom=16&mark=234.9609152,17.807821775",no,https://ps1images.stsci.edu/cgi-bin/ps1cutouts?pos=234.9609152+17.807821775&filter=color&filetypes=stack&auxiliary=data&size=220&output_size=500&catlist=1&show_overlay=1&show_grid=1&show_ids=1
ZTF23abmhdzg,,,2023vtu,264.2763798,31.25055438,,https://ztf.fink-portal.org/ZTF23abmhdzg,,,,,
ZTF23abscpbm,,,2023zui,113.7674498,69.86668747,,https://ztf.fink-portal.org/ZTF23abscpbm,,no,"https://www.legacysurvey.org/viewer?ra=113.76744981875&dec=69.86668746875&layer=ls-dr10&photoz-dr9&zoom=16&mark=113.76744981875,69.86668746875",yes,https://ps1images.stsci.edu/cgi-bin/ps1cutouts?pos=113.76744981875+69.86668746875&filter=color&filetypes=stack&auxiliary=data&size=220&output_size=500&catlist=1&show_overlay=1&show_grid=1&show_ids=1
ZTF24aaadtbj,,,2024kf,32.93107427,-7.329299133,,https://ztf.fink-portal.org/ZTF24aaadtbj,,,,,
ZTF23abulqve,,,2023aafe,118.1729682,35.58458818,,https://ztf.fink-portal.org/ZTF23abulqve,,,,,
ZTF23abjheui,,,2023vby,27.12272516,1.120981864,,https://ztf.fink-portal.org/ZTF23abjheui,,,,,
ZTF24aaetkbe,,,2024czo,8.183339014,51.3655249,,https://ztf.fink-portal.org/ZTF24aaetkbe,,,,,
ZTF23abffdsc,,,2023tnk,256.9929424,60.63926178,,https://ztf.fink-portal.org/ZTF23abffdsc,,yes,"https://www.legacysurvey.org/viewer?ra=256.99294236190474&dec=60.63926177619047&layer=ls-dr10&photoz-dr9&zoom=16&mark=256.99294236190474,60.63926177619047",yes,https://ps1images.stsci.edu/cgi-bin/ps1cutouts?pos=256.99294236190474+60.63926177619047&filter=color&filetypes=stack&auxiliary=data&size=220&output_size=500&catlist=1&show_overlay=1&show_grid=1&show_ids=1
ZTF23absirfu,,,2023ztm,148.3094004,-6.13153805,,https://ztf.fink-portal.org/ZTF23absirfu,,,,,
ZTF23abrzoie,,,2023yrh,39.89475235,11.54498535,,https://ztf.fink-portal.org/ZTF23abrzoie,,,,,
ZTF23abugaag,,,2023adpz,211.1721035,-12.3354229,,https://ztf.fink-portal.org/ZTF23abugaag,,,,,
ZTF23abawrhc,,,2023rml,118.48144,30.73486191,,https://ztf.fink-portal.org/ZTF23abawrhc,,no,"https://www.legacysurvey.org/viewer?ra=118.48143995833333&dec=30.73486190833333&layer=ls-dr10&photoz-dr9&zoom=16&mark=118.48143995833333,30.73486190833333",yes,https://ps1images.stsci.edu/cgi-bin/ps1cutouts?pos=118.48143995833333+30.73486190833333&filter=color&filetypes=stack&auxiliary=data&size=220&output_size=500&catlist=1&show_overlay=1&show_grid=1&show_ids=1
ZTF23ablksje,,,2023vjj,53.18717226,10.51828323,,https://ztf.fink-portal.org/ZTF23ablksje,,,,,
ZTF23abhrhmc,,,2023ufb,10.20207183,-20.51386847,,https://ztf.fink-portal.org/ZTF23abhrhmc,,,,,
ZTF23abscsod,,,2023zyi,134.3171139,37.07084982,,https://ztf.fink-portal.org/ZTF23abscsod,,,,,
ZTF23abrygca,,,2023zod,339.4490367,52.2894399,,https://ztf.fink-portal.org/ZTF23abrygca,,,,,
ZTF23aboixbz,,,2023xmn,173.2829339,-7.6568672,,https://ztf.fink-portal.org/ZTF23aboixbz,,,,,
ZTF23aboqpgn,,,2023xet,32.99998019,49.42916083,,https://ztf.fink-portal.org/ZTF23aboqpgn,yes,not_available,"https://www.legacysurvey.org/viewer?ra=32.999980185714286&dec=49.429160828571426&layer=ls-dr10&photoz-dr9&zoom=16&mark=32.999980185714286,49.429160828571426",yes,https://ps1images.stsci.edu/cgi-bin/ps1cutouts?pos=32.999980185714286+49.429160828571426&filter=color&filetypes=stack&auxiliary=data&size=220&output_size=500&catlist=1&show_overlay=1&show_grid=1&show_ids=1
ZTF23abcitsv,,,2023skk,20.99901518,21.68553253,,https://ztf.fink-portal.org/ZTF23abcitsv,,yes,"https://www.legacysurvey.org/viewer?ra=20.99901518125&dec=21.68553253125&layer=ls-dr10&photoz-dr9&zoom=16&mark=20.99901518125,21.68553253125",yes,https://ps1images.stsci.edu/cgi-bin/ps1cutouts?pos=20.99901518125+21.68553253125&filter=color&filetypes=stack&auxiliary=data&size=220&output_size=500&catlist=1&show_overlay=1&show_grid=1&show_ids=1
ZTF23abaaxln,,,2023rjg,353.3947759,50.69336579,,https://ztf.fink-portal.org/ZTF23abaaxln,,,,,
ZTF23abihpqf,,,2023adps,57.51377975,38.0425184,,https://ztf.fink-portal.org/ZTF23abihpqf,,,,,
ZTF23abheflz,,,2023tsm,350.0912319,33.08720648,,https://ztf.fink-portal.org/ZTF23abheflz,,,,,
ZTF23abaizki,,,2023rfx,232.0284397,28.95903027,,https://ztf.fink-portal.org/ZTF23abaizki,,,,,
ZTF23abscrjf,,,2023znk,97.11126977,69.71864038,,https://ztf.fink-portal.org/ZTF23abscrjf,,,,,
ZTF23aboeruc,,,2023xex,353.1848852,44.42648422,,https://ztf.fink-portal.org/ZTF23aboeruc,,not_available,"https://www.legacysurvey.org/viewer?ra=353.18488523999997&dec=44.42648422&layer=ls-dr10&photoz-dr9&zoom=16&mark=353.18488523999997,44.42648422",yes,https://ps1images.stsci.edu/cgi-bin/ps1cutouts?pos=353.18488523999997+44.42648422&filter=color&filetypes=stack&auxiliary=data&size=220&output_size=500&catlist=1&show_overlay=1&show_grid=1&show_ids=1
ZTF23aazneeg,,,2019egp,357.3398613,-17.67464758,,https://ztf.fink-portal.org/ZTF23aazneeg,,,,,
ZTF23abqezls,,,2023xuc,123.0661311,-0.196338375,,https://ztf.fink-portal.org/ZTF23abqezls,,,,,
ZTF23abhsmro,,,2023uff,336.6859542,16.78582071,,https://ztf.fink-portal.org/ZTF23abhsmro,,,,,
ZTF23abhyvva,,,2023usb,88.18944503,65.72496905,,https://ztf.fink-portal.org/ZTF23abhyvva,,,,,
ZTF23abngfmz,,,2023wdc,78.56847233,-6.69728294,,https://ztf.fink-portal.org/ZTF23abngfmz,,,,,
ZTF25abbmzer,,,,308.0946889,-9.261453733,,https://ztf.fink-portal.org/ZTF25abbmzer,,no,"https://www.legacysurvey.org/viewer?ra=308.0946888666667&dec=-9.261453733333331&layer=ls-dr10&photoz-dr9&zoom=16&mark=308.0946888666667,-9.261453733333331",no,https://ps1images.stsci.edu/cgi-bin/ps1cutouts?pos=308.0946888666667+-9.261453733333331&filter=color&filetypes=stack&auxiliary=data&size=220&output_size=500&catlist=1&show_overlay=1&show_grid=1&show_ids=1
ZTF25abuqlpd,,,,263.5984967,-6.904894125,,https://ztf.fink-portal.org/ZTF25abuqlpd,,,,,
ZTF24ablfqjv,,,,334.8393899,19.28434573,,https://ztf.fink-portal.org/ZTF24ablfqjv,,,,,
ZTF25aatrxku,,,,332.9571057,-2.21414915,,https://ztf.fink-portal.org/ZTF25aatrxku,,yes,"https://www.legacysurvey.org/viewer?ra=332.9571057&dec=-2.21414915&layer=ls-dr10&photoz-dr9&zoom=16&mark=332.9571057,-2.21414915",yes,https://ps1images.stsci.edu/cgi-bin/ps1cutouts?pos=332.9571057+-2.21414915&filter=color&filetypes=stack&auxiliary=data&size=220&output_size=500&catlist=1&show_overlay=1&show_grid=1&show_ids=1
ZTF25abpwqyf,,,,122.9976943,8.736444439,stellar,https://ztf.fink-portal.org/ZTF25abpwqyf,,no,"https://www.legacysurvey.org/viewer?ra=122.99769431304344&dec=8.736444439130434&layer=ls-dr10&photoz-dr9&zoom=16&mark=122.99769431304344,8.736444439130434",yes,https://ps1images.stsci.edu/cgi-bin/ps1cutouts?pos=122.99769431304344+8.736444439130434&filter=color&filetypes=stack&auxiliary=data&size=220&output_size=500&catlist=1&show_overlay=1&show_grid=1&show_ids=1
ZTF25aalmvvv,,,,336.2097692,28.8852998,,https://ztf.fink-portal.org/ZTF25aalmvvv,,maybe,"https://www.legacysurvey.org/viewer?ra=336.2097692&dec=28.8852998&layer=ls-dr10&photoz-dr9&zoom=16&mark=336.2097692,28.8852998",no,https://ps1images.stsci.edu/cgi-bin/ps1cutouts?pos=336.2097692+28.8852998&filter=color&filetypes=stack&auxiliary=data&size=220&output_size=500&catlist=1&show_overlay=1&show_grid=1&show_ids=1
ZTF24abzpbxr,,,,97.8221439,47.3070026,,https://ztf.fink-portal.org/ZTF24abzpbxr,,,,,
ZTF25aalmksm,,,,256.2795585,18.3744653,,https://ztf.fink-portal.org/ZTF25aalmksm,,no,"https://www.legacysurvey.org/viewer?ra=256.2795585&dec=18.3744653&layer=ls-dr10&photoz-dr9&zoom=16&mark=256.2795585,18.3744653",yes,https://ps1images.stsci.edu/cgi-bin/ps1cutouts?pos=256.2795585+18.3744653&filter=color&filetypes=stack&auxiliary=data&size=220&output_size=500&catlist=1&show_overlay=1&show_grid=1&show_ids=1
ZTF24aaxnwel,,,,92.09213739,30.42306659,,https://ztf.fink-portal.org/ZTF24aaxnwel,,,,,
ZTF25accorsr,,,,322.7533738,-20.41739596,,https://ztf.fink-portal.org/ZTF25accorsr,,,,,
ZTF25aakuauo,,,,205.9389256,-16.2208984,,https://ztf.fink-portal.org/ZTF25aakuauo,,no,"https://www.legacysurvey.org/viewer?ra=205.9389256&dec=-16.2208984&layer=ls-dr10&photoz-dr9&zoom=16&mark=205.9389256,-16.2208984",no,https://ps1images.stsci.edu/cgi-bin/ps1cutouts?pos=205.9389256+-16.2208984&filter=color&filetypes=stack&auxiliary=data&size=220&output_size=500&catlist=1&show_overlay=1&show_grid=1&show_ids=1
ZTF25aalmjrg,,,,258.2115739,18.5804728,,https://ztf.fink-portal.org/ZTF25aalmjrg,,,,,
ZTF25abwgqyz,,,,321.1526081,-7.1765941,,https://ztf.fink-portal.org/ZTF25abwgqyz,,,,,
ZTF24abckosj,,,,52.81666828,49.88397463,,https://ztf.fink-portal.org/ZTF24abckosj,,not_available,"https://www.legacysurvey.org/viewer?ra=52.816668283333335&dec=49.88397463333334&layer=ls-dr10&photoz-dr9&zoom=16&mark=52.816668283333335,49.88397463333334",yes,https://ps1images.stsci.edu/cgi-bin/ps1cutouts?pos=52.816668283333335+49.88397463333334&filter=color&filetypes=stack&auxiliary=data&size=220&output_size=500&catlist=1&show_overlay=1&show_grid=1&show_ids=1
ZTF25abwnkeu,,,,290.4407253,-25.54399073,,https://ztf.fink-portal.org/ZTF25abwnkeu,,,,,
ZTF25aatrxkp,,,,332.9132344,-1.8487631,,https://ztf.fink-portal.org/ZTF25aatrxkp,,no,"https://www.legacysurvey.org/viewer?ra=332.91323435000004&dec=-1.8487631&layer=ls-dr10&photoz-dr9&zoom=16&mark=332.91323435000004,-1.8487631",yes,https://ps1images.stsci.edu/cgi-bin/ps1cutouts?pos=332.91323435000004+-1.8487631&filter=color&filetypes=stack&auxiliary=data&size=220&output_size=500&catlist=1&show_overlay=1&show_grid=1&show_ids=1
ZTF25acjmhji,,,,131.5482196,-17.33178122,,https://ztf.fink-portal.org/ZTF25acjmhji,,,,,
ZTF25aatrxlb,,,,333.2080007,-2.3274604,,https://ztf.fink-portal.org/ZTF25aatrxlb,,,,,
ZTF25acbdezl,,,,86.18767738,-7.225656125,,https://ztf.fink-portal.org/ZTF25acbdezl,,,,,
ZTF24aathdii,,,,55.11986878,37.88784002,,https://ztf.fink-portal.org/ZTF24aathdii,,not_available,"https://www.legacysurvey.org/viewer?ra=55.119868777777775&dec=37.88784002222222&layer=ls-dr10&photoz-dr9&zoom=16&mark=55.119868777777775,37.88784002222222",yes,https://ps1images.stsci.edu/cgi-bin/ps1cutouts?pos=55.119868777777775+37.88784002222222&filter=color&filetypes=stack&auxiliary=data&size=220&output_size=500&catlist=1&show_overlay=1&show_grid=1&show_ids=1
ZTF24abyhmnl,,,,221.0630799,-20.33747743,stellar,https://ztf.fink-portal.org/ZTF24abyhmnl,,no,"https://www.legacysurvey.org/viewer?ra=221.06307991875&dec=-20.33747743125&layer=ls-dr10&photoz-dr9&zoom=16&mark=221.06307991875,-20.33747743125",yes,https://ps1images.stsci.edu/cgi-bin/ps1cutouts?pos=221.06307991875+-20.33747743125&filter=color&filetypes=stack&auxiliary=data&size=220&output_size=500&catlist=1&show_overlay=1&show_grid=1&show_ids=1
ZTF25aciywrk,,,,84.64739763,54.4916764,,https://ztf.fink-portal.org/ZTF25aciywrk,,not_available,"https://www.legacysurvey.org/viewer?ra=84.647397625&dec=54.4916764&layer=ls-dr10&photoz-dr9&zoom=16&mark=84.647397625,54.4916764",yes,https://ps1images.stsci.edu/cgi-bin/ps1cutouts?pos=84.647397625+54.4916764&filter=color&filetypes=stack&auxiliary=data&size=220&output_size=500&catlist=1&show_overlay=1&show_grid=1&show_ids=1
ZTF25aallgyu,,,,205.6316262,-17.8604033,,https://ztf.fink-portal.org/ZTF25aallgyu,,,,,
ZTF23abrralq,,,,297.0745907,48.55227465,,https://ztf.fink-portal.org/ZTF23abrralq,,not_available,"https://www.legacysurvey.org/viewer?ra=297.07459070000004&dec=48.55227465&layer=ls-dr10&photoz-dr9&zoom=16&mark=297.07459070000004,48.55227465",yes,https://ps1images.stsci.edu/cgi-bin/ps1cutouts?pos=297.07459070000004+48.55227465&filter=color&filetypes=stack&auxiliary=data&size=220&output_size=500&catlist=1&show_overlay=1&show_grid=1&show_ids=1
ZTF25aakowne,,,,327.1831012,7.8098252,,https://ztf.fink-portal.org/ZTF25aakowne,,yes,"https://www.legacysurvey.org/viewer?ra=327.1831012&dec=7.8098252&layer=ls-dr10&photoz-dr9&zoom=16&mark=327.1831012,7.8098252",yes,https://ps1images.stsci.edu/cgi-bin/ps1cutouts?pos=327.1831012+7.8098252&filter=color&filetypes=stack&auxiliary=data&size=220&output_size=500&catlist=1&show_overlay=1&show_grid=1&show_ids=1
ZTF25abbmzes,,,,308.7295809,-9.422745733,,https://ztf.fink-portal.org/ZTF25abbmzes,,yes,"https://www.legacysurvey.org/viewer?ra=308.72958093333335&dec=-9.422745733333333&layer=ls-dr10&photoz-dr9&zoom=16&mark=308.72958093333335,-9.422745733333333",yes,https://ps1images.stsci.edu/cgi-bin/ps1cutouts?pos=308.72958093333335+-9.422745733333333&filter=color&filetypes=stack&auxiliary=data&size=220&output_size=500&catlist=1&show_overlay=1&show_grid=1&show_ids=1
ZTF25acidocd,,,,313.0965964,64.2626097,,https://ztf.fink-portal.org/ZTF25acidocd,,,,,
ZTF23absgdtm,,,,80.75632317,55.51397553,,https://ztf.fink-portal.org/ZTF23absgdtm,,,,,
ZTF23abscvif,,,,92.3303459,-9.4284469,,https://ztf.fink-portal.org/ZTF23abscvif,,,,,
ZTF23abrmcio,,,,175.9431586,12.6749629,,https://ztf.fink-portal.org/ZTF23abrmcio,,,,,
ZTF24aatyjkk,,,,351.2408133,-5.913350933,,https://ztf.fink-portal.org/ZTF24aatyjkk,,no,"https://www.legacysurvey.org/viewer?ra=351.24081330000007&dec=-5.913350933333333&layer=ls-dr10&photoz-dr9&zoom=16&mark=351.24081330000007,-5.913350933333333",yes,https://ps1images.stsci.edu/cgi-bin/ps1cutouts?pos=351.24081330000007+-5.913350933333333&filter=color&filetypes=stack&auxiliary=data&size=220&output_size=500&catlist=1&show_overlay=1&show_grid=1&show_ids=1
ZTF25aalmtxa,,,,337.5790388,29.151831,,https://ztf.fink-portal.org/ZTF25aalmtxa,,yes,"https://www.legacysurvey.org/viewer?ra=337.5790388&dec=29.151831&layer=ls-dr10&photoz-dr9&zoom=16&mark=337.5790388,29.151831",yes,https://ps1images.stsci.edu/cgi-bin/ps1cutouts?pos=337.5790388+29.151831&filter=color&filetypes=stack&auxiliary=data&size=220&output_size=500&catlist=1&show_overlay=1&show_grid=1&show_ids=1
ZTF25aalmizt,,,,259.6652249,18.2779183,,https://ztf.fink-portal.org/ZTF25aalmizt,,no,"https://www.legacysurvey.org/viewer?ra=259.6652249&dec=18.2779183&layer=ls-dr10&photoz-dr9&zoom=16&mark=259.6652249,18.2779183",yes,https://ps1images.stsci.edu/cgi-bin/ps1cutouts?pos=259.6652249+18.2779183&filter=color&filetypes=stack&auxiliary=data&size=220&output_size=500&catlist=1&show_overlay=1&show_grid=1&show_ids=1
ZTF25aalmjrl,,,,259.558232,19.4442663,,https://ztf.fink-portal.org/ZTF25aalmjrl,,no,"https://www.legacysurvey.org/viewer?ra=259.558232&dec=19.4442663&layer=ls-dr10&photoz-dr9&zoom=16&mark=259.558232,19.4442663",no,https://ps1images.stsci.edu/cgi-bin/ps1cutouts?pos=259.558232+19.4442663&filter=color&filetypes=stack&auxiliary=data&size=220&output_size=500&catlist=1&show_overlay=1&show_grid=1&show_ids=1
ZTF25abwjhtd,,,,317.3412642,-14.3692545,,https://ztf.fink-portal.org/ZTF25abwjhtd,,,,,
ZTF25aalmjrf,,,,258.1118487,18.8221494,,https://ztf.fink-portal.org/ZTF25aalmjrf,,,,,
ZTF18acoyagv,,,,86.3278585,47.7345975,,https://ztf.fink-portal.org/ZTF18acoyagv,,,,,
ZTF23abgatsc,,,,312.686194,-23.27078185,,https://ztf.fink-portal.org/ZTF23abgatsc,,,,,
ZTF25aaztrqi,,,,310.7044105,61.03144033,,https://ztf.fink-portal.org/ZTF25aaztrqi,,not_available,"https://www.legacysurvey.org/viewer?ra=310.7044104666666&dec=61.031440333333336&layer=ls-dr10&photoz-dr9&zoom=16&mark=310.7044104666666,61.031440333333336",yes,https://ps1images.stsci.edu/cgi-bin/ps1cutouts?pos=310.7044104666666+61.031440333333336&filter=color&filetypes=stack&auxiliary=data&size=220&output_size=500&catlist=1&show_overlay=1&show_grid=1&show_ids=1
ZTF25aalmizq,,,,259.0339954,18.6534472,,https://ztf.fink-portal.org/ZTF25aalmizq,,yes,"https://www.legacysurvey.org/viewer?ra=259.0339954&dec=18.6534472&layer=ls-dr10&photoz-dr9&zoom=16&mark=259.0339954,18.6534472",yes,https://ps1images.stsci.edu/cgi-bin/ps1cutouts?pos=259.0339954+18.6534472&filter=color&filetypes=stack&auxiliary=data&size=220&output_size=500&catlist=1&show_overlay=1&show_grid=1&show_ids=1
ZTF25abqjaag,,,,302.8582349,48.791339,,https://ztf.fink-portal.org/ZTF25abqjaag,,,,,
ZTF25aazwgub,,,,52.0838564,24.99690398,,https://ztf.fink-portal.org/ZTF25aazwgub,,not_available,"https://www.legacysurvey.org/viewer?ra=52.0838564&dec=24.996903975&layer=ls-dr10&photoz-dr9&zoom=16&mark=52.0838564,24.996903975",yes,https://ps1images.stsci.edu/cgi-bin/ps1cutouts?pos=52.0838564+24.996903975&filter=color&filetypes=stack&auxiliary=data&size=220&output_size=500&catlist=1&show_overlay=1&show_grid=1&show_ids=1
ZTF25aatrxkn,,,,333.1171028,-2.4538236,,https://ztf.fink-portal.org/ZTF25aatrxkn,,yes,"https://www.legacysurvey.org/viewer?ra=333.1171028&dec=-2.4538236&layer=ls-dr10&photoz-dr9&zoom=16&mark=333.1171028,-2.4538236",yes,https://ps1images.stsci.edu/cgi-bin/ps1cutouts?pos=333.1171028+-2.4538236&filter=color&filetypes=stack&auxiliary=data&size=220&output_size=500&catlist=1&show_overlay=1&show_grid=1&show_ids=1
ZTF25accypwa,,,,297.1169593,50.95033939,,https://ztf.fink-portal.org/ZTF25accypwa,,,,,
ZTF23aazsirz,,,,69.39776748,79.04522442,,https://ztf.fink-portal.org/ZTF23aazsirz,,not_available,"https://www.legacysurvey.org/viewer?ra=69.39776748&dec=79.04522442&layer=ls-dr10&photoz-dr9&zoom=16&mark=69.39776748,79.04522442",yes,https://ps1images.stsci.edu/cgi-bin/ps1cutouts?pos=69.39776748+79.04522442&filter=color&filetypes=stack&auxiliary=data&size=220&output_size=500&catlist=1&show_overlay=1&show_grid=1&show_ids=1
ZTF25aancolq,,,,269.5356633,11.60356493,,https://ztf.fink-portal.org/ZTF25aancolq,,not_available,"https://www.legacysurvey.org/viewer?ra=269.53566334285716&dec=11.603564928571428&layer=ls-dr10&photoz-dr9&zoom=16&mark=269.53566334285716,11.603564928571428",yes,https://ps1images.stsci.edu/cgi-bin/ps1cutouts?pos=269.53566334285716+11.603564928571428&filter=color&filetypes=stack&auxiliary=data&size=220&output_size=500&catlist=1&show_overlay=1&show_grid=1&show_ids=1
ZTF25aawnezc,,,,331.8509866,-2.7585248,,https://ztf.fink-portal.org/ZTF25aawnezc,,no,"https://www.legacysurvey.org/viewer?ra=331.8509866&dec=-2.7585248&layer=ls-dr10&photoz-dr9&zoom=16&mark=331.8509866,-2.7585248",yes,https://ps1images.stsci.edu/cgi-bin/ps1cutouts?pos=331.8509866+-2.7585248&filter=color&filetypes=stack&auxiliary=data&size=220&output_size=500&catlist=1&show_overlay=1&show_grid=1&show_ids=1
ZTF25aaxelhq,,,,10.9830813,41.58062653,,https://ztf.fink-portal.org/ZTF25aaxelhq,,,,,
ZTF24abhront,,,,224.9855843,62.5111022,,https://ztf.fink-portal.org/ZTF24abhront,,yes,"https://www.legacysurvey.org/viewer?ra=224.9855843&dec=62.5111022&layer=ls-dr10&photoz-dr9&zoom=16&mark=224.9855843,62.5111022",no,https://ps1images.stsci.edu/cgi-bin/ps1cutouts?pos=224.9855843+62.5111022&filter=color&filetypes=stack&auxiliary=data&size=220&output_size=500&catlist=1&show_overlay=1&show_grid=1&show_ids=1
ZTF25aalmizr,,,,259.4493728,18.4536495,,https://ztf.fink-portal.org/ZTF25aalmizr,,,,,
ZTF25abuovaz,,,,117.3804747,-0.005708033333,,https://ztf.fink-portal.org/ZTF25abuovaz,,yes,"https://www.legacysurvey.org/viewer?ra=117.38047466666669&dec=-0.0057080333333332&layer=ls-dr10&photoz-dr9&zoom=16&mark=117.38047466666669,-0.0057080333333332",yes,https://ps1images.stsci.edu/cgi-bin/ps1cutouts?pos=117.38047466666669+-0.0057080333333332&filter=color&filetypes=stack&auxiliary=data&size=220&output_size=500&catlist=1&show_overlay=1&show_grid=1&show_ids=1
ZTF24abmmffx,,,,155.5633895,-1.337670833,,https://ztf.fink-portal.org/ZTF24abmmffx,,,,,
ZTF25abkfcny,,,,300.2222913,-0.06500654,,https://ztf.fink-portal.org/ZTF25abkfcny,,,,,
ZTF25aaktzja,,,,203.6599094,-24.3644743,,https://ztf.fink-portal.org/ZTF25aaktzja,,yes,"https://www.legacysurvey.org/viewer?ra=203.6599094&dec=-24.3644743&layer=ls-dr10&photoz-dr9&zoom=16&mark=203.6599094,-24.3644743",yes,https://ps1images.stsci.edu/cgi-bin/ps1cutouts?pos=203.6599094+-24.3644743&filter=color&filetypes=stack&auxiliary=data&size=220&output_size=500&catlist=1&show_overlay=1&show_grid=1&show_ids=1
ZTF25aatnkyr,,,,264.6059668,17.54873177,,https://ztf.fink-portal.org/ZTF25aatnkyr,,,,,
ZTF24abqtafy,,,,312.1148942,-26.87561282,,https://ztf.fink-portal.org/ZTF24abqtafy,,yes,"https://www.legacysurvey.org/viewer?ra=312.11489424999996&dec=-26.87561281666667&layer=ls-dr10&photoz-dr9&zoom=16&mark=312.11489424999996,-26.87561281666667",yes,https://ps1images.stsci.edu/cgi-bin/ps1cutouts?pos=312.11489424999996+-26.87561281666667&filter=color&filetypes=stack&auxiliary=data&size=220&output_size=500&catlist=1&show_overlay=1&show_grid=1&show_ids=1
ZTF25abxfhtz,,,,159.8457693,-3.599244509,,https://ztf.fink-portal.org/ZTF25abxfhtz,,,,,
ZTF23abpuqkf,,,,287.6895414,36.00130384,,https://ztf.fink-portal.org/ZTF23abpuqkf,,,,,
ZTF25aajoetk,,,,316.2681425,10.6671956,,https://ztf.fink-portal.org/ZTF25aajoetk,,,,,
ZTF25aalmizx,,,,258.9291566,18.2930016,,https://ztf.fink-portal.org/ZTF25aalmizx,,,,,